ENCODE_experiment_id	dataset	sample	sample_display	general_tissue_cell_type	fig1_tissue_label	age	sex	genotype	tissue_or_cell_line	sample_color_hex_code	matching_human_samples	ENCODE_alignments_id	ENCODE_reads_id	ENCODE_unfiltered_alignments_id	document_urls	document_labels	platform	RIN	spikeins	reads_post_talon
ENCSR665XLM	adrenal_10d_f_1	adrenal_10d	Adrenal gland PND10	adrenal gland	adrenal gland	10d	f	b6/cast	tissue	#e9cac0	['adrenal_gland']	ENCFF550NPJ	ENCFF321AJK	ENCFF756SOZ	https://www.encodeproject.org/documents/3baa46d2-cb88-4608-8877-70596d200489/ , https://www.encodeproject.org/documents/7ca4f144-8428-4d20-95b5-f6dd74c0781c/	'PacBio libraries v3 (October, 2020) Protocol to build non-size selected cDNA libraries for Pacific Biosciences long-read sequencing Version 3.0 (October, 2020)', 'ENCODE Long Read RNA-Seq Analysis Protocol for MouseSamples (v.3.0)'	Pacific Biosciences Sequel II	8.4	True	606677
ENCSR665XLM	adrenal_10d_f_2	adrenal_10d	Adrenal gland PND10	adrenal gland	adrenal gland	10d	f	b6/cast	tissue	#e9cac0	['adrenal_gland']	ENCFF218PAQ	ENCFF863AGD	ENCFF276HLF	https://www.encodeproject.org/documents/3baa46d2-cb88-4608-8877-70596d200489/ , https://www.encodeproject.org/documents/7ca4f144-8428-4d20-95b5-f6dd74c0781c/	'PacBio libraries v3 (October, 2020) Protocol to build non-size selected cDNA libraries for Pacific Biosciences long-read sequencing Version 3.0 (October, 2020)', 'ENCODE Long Read RNA-Seq Analysis Protocol for MouseSamples (v.3.0)'	Pacific Biosciences Sequel II	8.4	True	788654
ENCSR698DOB	adrenal_10d_m_2	adrenal_10d	Adrenal gland PND10	adrenal gland	adrenal gland	10d	m	b6/cast	tissue	#e9cac0	['adrenal_gland']	ENCFF261QFC	ENCFF856RHM	ENCFF674HLT	https://www.encodeproject.org/documents/3baa46d2-cb88-4608-8877-70596d200489/ , https://www.encodeproject.org/documents/7ca4f144-8428-4d20-95b5-f6dd74c0781c/	'PacBio libraries v3 (October, 2020) Protocol to build non-size selected cDNA libraries for Pacific Biosciences long-read sequencing Version 3.0 (October, 2020)', 'ENCODE Long Read RNA-Seq Analysis Protocol for MouseSamples (v.3.0)'	Pacific Biosciences Sequel II	8.9	True	1407511
ENCSR698DOB	adrenal_10d_m_1	adrenal_10d	Adrenal gland PND10	adrenal gland	adrenal gland	10d	m	b6/cast	tissue	#e9cac0	['adrenal_gland']	ENCFF336YOF	ENCFF303OLU	ENCFF676ASW	https://www.encodeproject.org/documents/3baa46d2-cb88-4608-8877-70596d200489/ , https://www.encodeproject.org/documents/7ca4f144-8428-4d20-95b5-f6dd74c0781c/	'PacBio libraries v3 (October, 2020) Protocol to build non-size selected cDNA libraries for Pacific Biosciences long-read sequencing Version 3.0 (October, 2020)', 'ENCODE Long Read RNA-Seq Analysis Protocol for MouseSamples (v.3.0)'	Pacific Biosciences Sequel II	8.9	True	971827
ENCSR530ZLE	adrenal_14d_f_2	adrenal_14d	Adrenal gland PND14	adrenal gland	adrenal gland	14d	f	b6/cast	tissue	#deafa0	['adrenal_gland']	ENCFF402PHJ	ENCFF435KPO	ENCFF704NBV	https://www.encodeproject.org/documents/3baa46d2-cb88-4608-8877-70596d200489/ , https://www.encodeproject.org/documents/7ca4f144-8428-4d20-95b5-f6dd74c0781c/	'PacBio libraries v3 (October, 2020) Protocol to build non-size selected cDNA libraries for Pacific Biosciences long-read sequencing Version 3.0 (October, 2020)', 'ENCODE Long Read RNA-Seq Analysis Protocol for MouseSamples (v.3.0)'	Pacific Biosciences Sequel II	8.5	True	991731
ENCSR530ZLE	adrenal_14d_f_1	adrenal_14d	Adrenal gland PND14	adrenal gland	adrenal gland	14d	f	b6/cast	tissue	#deafa0	['adrenal_gland']	ENCFF094ZZY	ENCFF671OCJ	ENCFF026LZW	https://www.encodeproject.org/documents/3baa46d2-cb88-4608-8877-70596d200489/ , https://www.encodeproject.org/documents/7ca4f144-8428-4d20-95b5-f6dd74c0781c/	'PacBio libraries v3 (October, 2020) Protocol to build non-size selected cDNA libraries for Pacific Biosciences long-read sequencing Version 3.0 (October, 2020)', 'ENCODE Long Read RNA-Seq Analysis Protocol for MouseSamples (v.3.0)'	Pacific Biosciences Sequel II	8.5	True	1143111
ENCSR454ECK	adrenal_14d_m_2	adrenal_14d	Adrenal gland PND14	adrenal gland	adrenal gland	14d	m	b6/cast	tissue	#deafa0	['adrenal_gland']	ENCFF379DRK	ENCFF970IHS	ENCFF817DYN	https://www.encodeproject.org/documents/3baa46d2-cb88-4608-8877-70596d200489/ , https://www.encodeproject.org/documents/7ca4f144-8428-4d20-95b5-f6dd74c0781c/	'PacBio libraries v3 (October, 2020) Protocol to build non-size selected cDNA libraries for Pacific Biosciences long-read sequencing Version 3.0 (October, 2020)', 'ENCODE Long Read RNA-Seq Analysis Protocol for MouseSamples (v.3.0)'	Pacific Biosciences Sequel II		True	1003061
ENCSR454ECK	adrenal_14d_m_1	adrenal_14d	Adrenal gland PND14	adrenal gland	adrenal gland	14d	m	b6/cast	tissue	#deafa0	['adrenal_gland']	ENCFF495FTY	ENCFF836THV	ENCFF800KCU	https://www.encodeproject.org/documents/3baa46d2-cb88-4608-8877-70596d200489/ , https://www.encodeproject.org/documents/7ca4f144-8428-4d20-95b5-f6dd74c0781c/	'PacBio libraries v3 (October, 2020) Protocol to build non-size selected cDNA libraries for Pacific Biosciences long-read sequencing Version 3.0 (October, 2020)', 'ENCODE Long Read RNA-Seq Analysis Protocol for MouseSamples (v.3.0)'	Pacific Biosciences Sequel II		True	981697
ENCSR309XOR	adrenal_18-20mo_f_1	adrenal_18-20mo	Adrenal gland PNM18-20	adrenal gland	adrenal gland	18-20mo	f	b6/cast	tissue	#b24422	['adrenal_gland']	ENCFF745YKM	ENCFF169PFY	ENCFF416OPW	https://www.encodeproject.org/documents/3baa46d2-cb88-4608-8877-70596d200489/ , https://www.encodeproject.org/documents/7ca4f144-8428-4d20-95b5-f6dd74c0781c/	'PacBio libraries v3 (October, 2020) Protocol to build non-size selected cDNA libraries for Pacific Biosciences long-read sequencing Version 3.0 (October, 2020)', 'ENCODE Long Read RNA-Seq Analysis Protocol for MouseSamples (v.3.0)'	Pacific Biosciences Sequel II		True	1478362
ENCSR309XOR	adrenal_18-20mo_f_2	adrenal_18-20mo	Adrenal gland PNM18-20	adrenal gland	adrenal gland	18-20mo	f	b6/cast	tissue	#b24422	['adrenal_gland']	ENCFF331LQP	ENCFF142VQP	ENCFF125RCP	https://www.encodeproject.org/documents/3baa46d2-cb88-4608-8877-70596d200489/ , https://www.encodeproject.org/documents/7ca4f144-8428-4d20-95b5-f6dd74c0781c/	'PacBio libraries v3 (October, 2020) Protocol to build non-size selected cDNA libraries for Pacific Biosciences long-read sequencing Version 3.0 (October, 2020)', 'ENCODE Long Read RNA-Seq Analysis Protocol for MouseSamples (v.3.0)'	Pacific Biosciences Sequel II		True	1007541
ENCSR885NRP	adrenal_18-20mo_m_1	adrenal_18-20mo	Adrenal gland PNM18-20	adrenal gland	adrenal gland	18-20mo	m	b6/cast	tissue	#b24422	['adrenal_gland']	ENCFF684SLZ	ENCFF811RRD	ENCFF167IJD	https://www.encodeproject.org/documents/3baa46d2-cb88-4608-8877-70596d200489/ , https://www.encodeproject.org/documents/7ca4f144-8428-4d20-95b5-f6dd74c0781c/	'PacBio libraries v3 (October, 2020) Protocol to build non-size selected cDNA libraries for Pacific Biosciences long-read sequencing Version 3.0 (October, 2020)', 'ENCODE Long Read RNA-Seq Analysis Protocol for MouseSamples (v.3.0)'	Pacific Biosciences Sequel II	8.1	True	679622
ENCSR893GCO	adrenal_25d_f_2	adrenal_25d	Adrenal gland PND25	adrenal gland	adrenal gland	25d	f	b6/cast	tissue	#d39481	['adrenal_gland']	ENCFF637NBP	ENCFF589EMD	ENCFF587AMI	https://www.encodeproject.org/documents/3baa46d2-cb88-4608-8877-70596d200489/ , https://www.encodeproject.org/documents/7ca4f144-8428-4d20-95b5-f6dd74c0781c/	'PacBio libraries v3 (October, 2020) Protocol to build non-size selected cDNA libraries for Pacific Biosciences long-read sequencing Version 3.0 (October, 2020)', 'ENCODE Long Read RNA-Seq Analysis Protocol for MouseSamples (v.3.0)'	Pacific Biosciences Sequel II	8.1	True	770041
ENCSR893GCO	adrenal_25d_f_1	adrenal_25d	Adrenal gland PND25	adrenal gland	adrenal gland	25d	f	b6/cast	tissue	#d39481	['adrenal_gland']	ENCFF833EUH	ENCFF167GYW	ENCFF444SZT	https://www.encodeproject.org/documents/3baa46d2-cb88-4608-8877-70596d200489/ , https://www.encodeproject.org/documents/7ca4f144-8428-4d20-95b5-f6dd74c0781c/	'PacBio libraries v3 (October, 2020) Protocol to build non-size selected cDNA libraries for Pacific Biosciences long-read sequencing Version 3.0 (October, 2020)', 'ENCODE Long Read RNA-Seq Analysis Protocol for MouseSamples (v.3.0)'	Pacific Biosciences Sequel II	8.1	True	426150
ENCSR295PVQ	adrenal_25d_m_1	adrenal_25d	Adrenal gland PND25	adrenal gland	adrenal gland	25d	m	b6/cast	tissue	#d39481	['adrenal_gland']	ENCFF886RIS	ENCFF873KDL	ENCFF535UYC	https://www.encodeproject.org/documents/3baa46d2-cb88-4608-8877-70596d200489/ , https://www.encodeproject.org/documents/7ca4f144-8428-4d20-95b5-f6dd74c0781c/	'PacBio libraries v3 (October, 2020) Protocol to build non-size selected cDNA libraries for Pacific Biosciences long-read sequencing Version 3.0 (October, 2020)', 'ENCODE Long Read RNA-Seq Analysis Protocol for MouseSamples (v.3.0)'	Pacific Biosciences Sequel II	8.9	True	793999
ENCSR295PVQ	adrenal_25d_m_2	adrenal_25d	Adrenal gland PND25	adrenal gland	adrenal gland	25d	m	b6/cast	tissue	#d39481	['adrenal_gland']	ENCFF664ZFM	ENCFF866CSV	ENCFF388RDV	https://www.encodeproject.org/documents/3baa46d2-cb88-4608-8877-70596d200489/ , https://www.encodeproject.org/documents/7ca4f144-8428-4d20-95b5-f6dd74c0781c/	'PacBio libraries v3 (October, 2020) Protocol to build non-size selected cDNA libraries for Pacific Biosciences long-read sequencing Version 3.0 (October, 2020)', 'ENCODE Long Read RNA-Seq Analysis Protocol for MouseSamples (v.3.0)'	Pacific Biosciences Sequel II	8.9	True	1290342
ENCSR852HRM	adrenal_2mo_f_1	adrenal_2mo	Adrenal gland PNM2	adrenal gland	adrenal gland	2mo	f	b6/cast	tissue	#bd5f42	['adrenal_gland']	ENCFF291MJO	ENCFF429RCV	ENCFF660EKE	https://www.encodeproject.org/documents/3baa46d2-cb88-4608-8877-70596d200489/ , https://www.encodeproject.org/documents/7ca4f144-8428-4d20-95b5-f6dd74c0781c/	'PacBio libraries v3 (October, 2020) Protocol to build non-size selected cDNA libraries for Pacific Biosciences long-read sequencing Version 3.0 (October, 2020)', 'ENCODE Long Read RNA-Seq Analysis Protocol for MouseSamples (v.3.0)'	Pacific Biosciences Sequel II	8.5	True	1277310
ENCSR852HRM	adrenal_2mo_f_2	adrenal_2mo	Adrenal gland PNM2	adrenal gland	adrenal gland	2mo	f	b6/cast	tissue	#bd5f42	['adrenal_gland']	ENCFF685SKU	ENCFF387GTW	ENCFF242QIP	https://www.encodeproject.org/documents/3baa46d2-cb88-4608-8877-70596d200489/ , https://www.encodeproject.org/documents/7ca4f144-8428-4d20-95b5-f6dd74c0781c/	'PacBio libraries v3 (October, 2020) Protocol to build non-size selected cDNA libraries for Pacific Biosciences long-read sequencing Version 3.0 (October, 2020)', 'ENCODE Long Read RNA-Seq Analysis Protocol for MouseSamples (v.3.0)'	Pacific Biosciences Sequel II	8.5	True	520388
ENCSR649MEZ	adrenal_2mo_m_2	adrenal_2mo	Adrenal gland PNM2	adrenal gland	adrenal gland	2mo	m	b6/cast	tissue	#bd5f42	['adrenal_gland']	ENCFF943KQU	ENCFF916NVH	ENCFF367SIB	https://www.encodeproject.org/documents/3baa46d2-cb88-4608-8877-70596d200489/ , https://www.encodeproject.org/documents/7ca4f144-8428-4d20-95b5-f6dd74c0781c/	'PacBio libraries v3 (October, 2020) Protocol to build non-size selected cDNA libraries for Pacific Biosciences long-read sequencing Version 3.0 (October, 2020)', 'ENCODE Long Read RNA-Seq Analysis Protocol for MouseSamples (v.3.0)'	Pacific Biosciences Sequel II	8.4	True	661982
ENCSR649MEZ	adrenal_2mo_m_1	adrenal_2mo	Adrenal gland PNM2	adrenal gland	adrenal gland	2mo	m	b6/cast	tissue	#bd5f42	['adrenal_gland']	ENCFF069HPA	ENCFF122PGZ	ENCFF529OQN	https://www.encodeproject.org/documents/3baa46d2-cb88-4608-8877-70596d200489/ , https://www.encodeproject.org/documents/7ca4f144-8428-4d20-95b5-f6dd74c0781c/	'PacBio libraries v3 (October, 2020) Protocol to build non-size selected cDNA libraries for Pacific Biosciences long-read sequencing Version 3.0 (October, 2020)', 'ENCODE Long Read RNA-Seq Analysis Protocol for MouseSamples (v.3.0)'	Pacific Biosciences Sequel II	8.4	True	829956
ENCSR084MKR	adrenal_36d_f_2	adrenal_36d	Adrenal gland PND36	adrenal gland	adrenal gland	36d	f	b6/cast	tissue	#c87961	['adrenal_gland']	ENCFF898YPG	ENCFF604SVZ	ENCFF399RPQ	https://www.encodeproject.org/documents/3baa46d2-cb88-4608-8877-70596d200489/ , https://www.encodeproject.org/documents/7ca4f144-8428-4d20-95b5-f6dd74c0781c/	'PacBio libraries v3 (October, 2020) Protocol to build non-size selected cDNA libraries for Pacific Biosciences long-read sequencing Version 3.0 (October, 2020)', 'ENCODE Long Read RNA-Seq Analysis Protocol for MouseSamples (v.3.0)'	Pacific Biosciences Sequel II	8.1	True	453761
ENCSR084MKR	adrenal_36d_f_1	adrenal_36d	Adrenal gland PND36	adrenal gland	adrenal gland	36d	f	b6/cast	tissue	#c87961	['adrenal_gland']	ENCFF083AGY	ENCFF100OAR	ENCFF222VGG	https://www.encodeproject.org/documents/3baa46d2-cb88-4608-8877-70596d200489/ , https://www.encodeproject.org/documents/7ca4f144-8428-4d20-95b5-f6dd74c0781c/	'PacBio libraries v3 (October, 2020) Protocol to build non-size selected cDNA libraries for Pacific Biosciences long-read sequencing Version 3.0 (October, 2020)', 'ENCODE Long Read RNA-Seq Analysis Protocol for MouseSamples (v.3.0)'	Pacific Biosciences Sequel II	8.1	True	1223776
ENCSR242UEB	adrenal_36d_m_2	adrenal_36d	Adrenal gland PND36	adrenal gland	adrenal gland	36d	m	b6/cast	tissue	#c87961	['adrenal_gland']	ENCFF297ZHK	ENCFF549DGV	ENCFF501YNI	https://www.encodeproject.org/documents/3baa46d2-cb88-4608-8877-70596d200489/ , https://www.encodeproject.org/documents/7ca4f144-8428-4d20-95b5-f6dd74c0781c/	'PacBio libraries v3 (October, 2020) Protocol to build non-size selected cDNA libraries for Pacific Biosciences long-read sequencing Version 3.0 (October, 2020)', 'ENCODE Long Read RNA-Seq Analysis Protocol for MouseSamples (v.3.0)'	Pacific Biosciences Sequel II	6.4	True	479002
ENCSR242UEB	adrenal_36d_m_1	adrenal_36d	Adrenal gland PND36	adrenal gland	adrenal gland	36d	m	b6/cast	tissue	#c87961	['adrenal_gland']	ENCFF012CDD	ENCFF988MZV	ENCFF852UAU	https://www.encodeproject.org/documents/3baa46d2-cb88-4608-8877-70596d200489/ , https://www.encodeproject.org/documents/7ca4f144-8428-4d20-95b5-f6dd74c0781c/	'PacBio libraries v3 (October, 2020) Protocol to build non-size selected cDNA libraries for Pacific Biosciences long-read sequencing Version 3.0 (October, 2020)', 'ENCODE Long Read RNA-Seq Analysis Protocol for MouseSamples (v.3.0)'	Pacific Biosciences Sequel II	6.4	True	458001
ENCSR271ULH	adrenal_4d_f_2	adrenal_4d	Adrenal gland PND4	adrenal gland	adrenal gland	4d	f	b6/cast	tissue	#f4e4df	['adrenal_gland']	ENCFF983CFK	ENCFF626SLN	ENCFF106PGY	https://www.encodeproject.org/documents/3baa46d2-cb88-4608-8877-70596d200489/ , https://www.encodeproject.org/documents/7ca4f144-8428-4d20-95b5-f6dd74c0781c/	'PacBio libraries v3 (October, 2020) Protocol to build non-size selected cDNA libraries for Pacific Biosciences long-read sequencing Version 3.0 (October, 2020)', 'ENCODE Long Read RNA-Seq Analysis Protocol for MouseSamples (v.3.0)'	Pacific Biosciences Sequel II	8.7	True	1112762
ENCSR271ULH	adrenal_4d_f_1	adrenal_4d	Adrenal gland PND4	adrenal gland	adrenal gland	4d	f	b6/cast	tissue	#f4e4df	['adrenal_gland']	ENCFF402MIP	ENCFF977AQV	ENCFF633GXD	https://www.encodeproject.org/documents/3baa46d2-cb88-4608-8877-70596d200489/ , https://www.encodeproject.org/documents/7ca4f144-8428-4d20-95b5-f6dd74c0781c/	'PacBio libraries v3 (October, 2020) Protocol to build non-size selected cDNA libraries for Pacific Biosciences long-read sequencing Version 3.0 (October, 2020)', 'ENCODE Long Read RNA-Seq Analysis Protocol for MouseSamples (v.3.0)'	Pacific Biosciences Sequel II	8.7	True	1220468
ENCSR512EWP	adrenal_4d_m_2	adrenal_4d	Adrenal gland PND4	adrenal gland	adrenal gland	4d	m	b6/cast	tissue	#f4e4df	['adrenal_gland']	ENCFF571ZLW	ENCFF177RGM	ENCFF639UOD	https://www.encodeproject.org/documents/3baa46d2-cb88-4608-8877-70596d200489/ , https://www.encodeproject.org/documents/7ca4f144-8428-4d20-95b5-f6dd74c0781c/	'PacBio libraries v3 (October, 2020) Protocol to build non-size selected cDNA libraries for Pacific Biosciences long-read sequencing Version 3.0 (October, 2020)', 'ENCODE Long Read RNA-Seq Analysis Protocol for MouseSamples (v.3.0)'	Pacific Biosciences Sequel II	7.3	True	832552
ENCSR512EWP	adrenal_4d_m_1	adrenal_4d	Adrenal gland PND4	adrenal gland	adrenal gland	4d	m	b6/cast	tissue	#f4e4df	['adrenal_gland']	ENCFF545VGM	ENCFF141ZHE	ENCFF034HGS	https://www.encodeproject.org/documents/3baa46d2-cb88-4608-8877-70596d200489/ , https://www.encodeproject.org/documents/7ca4f144-8428-4d20-95b5-f6dd74c0781c/	'PacBio libraries v3 (October, 2020) Protocol to build non-size selected cDNA libraries for Pacific Biosciences long-read sequencing Version 3.0 (October, 2020)', 'ENCODE Long Read RNA-Seq Analysis Protocol for MouseSamples (v.3.0)'	Pacific Biosciences Sequel II	7.3	True	707726
ENCSR735IBE	adrenal_gland_1_1	adrenal_gland	Adrenal gland	adrenal gland	adrenal gland		f	b6	tissue	#8e361b	['adrenal_gland']	ENCFF498FMF	ENCFF560ONE	ENCFF540TLC	https://www.encodeproject.org/documents/5a9cb0de-a425-449d-bc65-6316f79e71ce/	'ENCODE Long Read RNA-Seq Analysis Protocolfor Mouse Samples (v.1.1)'	Pacific Biosciences Sequel	9.5	False	810239
ENCSR735IBE	adrenal_gland_1_2	adrenal_gland	Adrenal gland	adrenal gland	adrenal gland		f	b6	tissue	#8e361b	['adrenal_gland']	ENCFF134BVW	ENCFF445VZL	ENCFF343IGL	https://www.encodeproject.org/documents/5a9cb0de-a425-449d-bc65-6316f79e71ce/	'ENCODE Long Read RNA-Seq Analysis Protocolfor Mouse Samples (v.1.1)'	Pacific Biosciences Sequel	9.5	False	587861
ENCSR942UFC	adrenal_gland_2_1	adrenal_gland	Adrenal gland	adrenal gland	adrenal gland		m	b6	tissue	#8e361b	['adrenal_gland']	ENCFF694ZVY	ENCFF311BUV	ENCFF897FRD	https://www.encodeproject.org/documents/5a9cb0de-a425-449d-bc65-6316f79e71ce/	'ENCODE Long Read RNA-Seq Analysis Protocolfor Mouse Samples (v.1.1)'	Pacific Biosciences Sequel	9.5	False	848782
ENCSR942UFC	adrenal_gland_2_2	adrenal_gland	Adrenal gland	adrenal gland	adrenal gland		m	b6	tissue	#8e361b	['adrenal_gland']	ENCFF343ZMH	ENCFF698CVI	ENCFF245MJA	https://www.encodeproject.org/documents/5a9cb0de-a425-449d-bc65-6316f79e71ce/	'ENCODE Long Read RNA-Seq Analysis Protocolfor Mouse Samples (v.1.1)'	Pacific Biosciences Sequel	9.5	False	545229
ENCSR221XGR	c2c12_myoblast_1_1	c2c12_myoblast	C2C12	C2C12	C2C12		f	c3h	cell_line	#ca79a7	['muscle']	ENCFF408MUF	ENCFF676BYQ	ENCFF772LYG	https://www.encodeproject.org/documents/77db752f-abf7-4c93-a460-510464134f52/ , https://www.encodeproject.org/documents/81af563b-5134-4f78-9bc4-41cb42cc6a48/	'PacBio LongRead 2.0', 'ENCODE Long Read RNA-Seq Analysis Protocol for HumanSamples (v3.0)'	Pacific Biosciences Sequel II		True	2576794
ENCSR221XGR	c2c12_myoblast_1_2	c2c12_myoblast	C2C12	C2C12	C2C12		f	c3h	cell_line	#ca79a7	['muscle']	ENCFF652XIT	ENCFF019HRC	ENCFF421MIL	https://www.encodeproject.org/documents/77db752f-abf7-4c93-a460-510464134f52/ , https://www.encodeproject.org/documents/81af563b-5134-4f78-9bc4-41cb42cc6a48/	'PacBio LongRead 2.0', 'ENCODE Long Read RNA-Seq Analysis Protocol for HumanSamples (v3.0)'	Pacific Biosciences Sequel II		True	2591602
ENCSR418ZYU	c2c12_myoblast_2_1	c2c12_myoblast	C2C12	C2C12	C2C12		f	c3h	cell_line	#ca79a7	['muscle']	ENCFF163ANR	ENCFF238DPX	ENCFF423BZA	https://www.encodeproject.org/documents/54012fc3-644e-49af-97e4-888226753fd9/	'non-size selected cDNA libraries for use in PacBio sequencing v1'	Pacific Biosciences Sequel		False	735077
ENCSR418ZYU	c2c12_myoblast_2_2	c2c12_myoblast	C2C12	C2C12	C2C12		f	c3h	cell_line	#ca79a7	['muscle']	ENCFF999UDH	ENCFF008ATT	ENCFF176BGR	https://www.encodeproject.org/documents/54012fc3-644e-49af-97e4-888226753fd9/	'non-size selected cDNA libraries for use in PacBio sequencing v1'	Pacific Biosciences Sequel		False	791850
ENCSR907NKV	c2c12_myotube_1_1	c2c12_myotube	C2C12-derived myotubes	C2C12	C2C12		f	c3h	cell_line	#009c73	['muscle']	ENCFF202MCY	ENCFF003OWX	ENCFF731HHB	https://www.encodeproject.org/documents/3baa46d2-cb88-4608-8877-70596d200489/ , https://www.encodeproject.org/documents/0a54a6da-ddb4-44bd-af95-2cd02754aa93/	'PacBio libraries v3 (October, 2020) Protocol to build non-size selected cDNA libraries for Pacific Biosciences long-read sequencing Version 3.0 (October, 2020)', 'ENCODE Long Read RNA-Seq Analysis Protocol for Human Samples (v3.1)'	Pacific Biosciences Sequel II		True	2046576
ENCSR907NKV	c2c12_myotube_1_2	c2c12_myotube	C2C12-derived myotubes	C2C12	C2C12		f	c3h	cell_line	#009c73	['muscle']	ENCFF396UFT	ENCFF669LWV	ENCFF699KOR	https://www.encodeproject.org/documents/3baa46d2-cb88-4608-8877-70596d200489/ , https://www.encodeproject.org/documents/0a54a6da-ddb4-44bd-af95-2cd02754aa93/	'PacBio libraries v3 (October, 2020) Protocol to build non-size selected cDNA libraries for Pacific Biosciences long-read sequencing Version 3.0 (October, 2020)', 'ENCODE Long Read RNA-Seq Analysis Protocol for Human Samples (v3.1)'	Pacific Biosciences Sequel II		True	2133422
ENCSR280VKU	cortex_5x_f_1_1	cortex	Cortex	cortex	cortex		f	5xfad	tissue	#634273	['brain', 'pgp1_excite_neuron', 'pgp1_astro']	ENCFF211JXU	ENCFF944JXN	ENCFF832UPU	https://www.encodeproject.org/documents/77db752f-abf7-4c93-a460-510464134f52/ , https://www.encodeproject.org/documents/81af563b-5134-4f78-9bc4-41cb42cc6a48/	'PacBio LongRead 2.0', 'ENCODE Long Read RNA-Seq Analysis Protocol for HumanSamples (v3.0)'	Pacific Biosciences Sequel II		True	1976211
ENCSR280VKU	cortex_5x_f_1_2	cortex	Cortex	cortex	cortex		f	5xfad	tissue	#634273	['brain', 'pgp1_excite_neuron', 'pgp1_astro']	ENCFF663GCV	ENCFF148ESR	ENCFF971OCD	https://www.encodeproject.org/documents/77db752f-abf7-4c93-a460-510464134f52/ , https://www.encodeproject.org/documents/81af563b-5134-4f78-9bc4-41cb42cc6a48/	'PacBio LongRead 2.0', 'ENCODE Long Read RNA-Seq Analysis Protocol for HumanSamples (v3.0)'	Pacific Biosciences Sequel II		True	1507250
ENCSR131CES	cortex_wt_f_1_1	cortex	Cortex	cortex	cortex		f	b6n	tissue	#634273	['brain', 'pgp1_excite_neuron', 'pgp1_astro']	ENCFF505EPC	ENCFF046XAX	ENCFF607CUC	https://www.encodeproject.org/documents/77db752f-abf7-4c93-a460-510464134f52/ , https://www.encodeproject.org/documents/81af563b-5134-4f78-9bc4-41cb42cc6a48/	'PacBio LongRead 2.0', 'ENCODE Long Read RNA-Seq Analysis Protocol for HumanSamples (v3.0)'	Pacific Biosciences Sequel II		True	2016725
ENCSR131CES	cortex_wt_f_1_2	cortex	Cortex	cortex	cortex		f	b6n	tissue	#634273	['brain', 'pgp1_excite_neuron', 'pgp1_astro']	ENCFF525AQR	ENCFF319GBG	ENCFF609BFL	https://www.encodeproject.org/documents/77db752f-abf7-4c93-a460-510464134f52/ , https://www.encodeproject.org/documents/81af563b-5134-4f78-9bc4-41cb42cc6a48/	'PacBio LongRead 2.0', 'ENCODE Long Read RNA-Seq Analysis Protocol for HumanSamples (v3.0)'	Pacific Biosciences Sequel II		True	2259132
ENCSR340GWV	cortex_wt_m_1_1	cortex	Cortex	cortex	cortex		m	b6n	tissue	#634273	['brain', 'pgp1_excite_neuron', 'pgp1_astro']	ENCFF839PZB	ENCFF479GNP	ENCFF797SZT	https://www.encodeproject.org/documents/5a9cb0de-a425-449d-bc65-6316f79e71ce/	'ENCODE Long Read RNA-Seq Analysis Protocolfor Mouse Samples (v.1.1)'	Pacific Biosciences Sequel	9.3	False	1306424
ENCSR340GWV	cortex_wt_m_1_2	cortex	Cortex	cortex	cortex		m	b6n	tissue	#634273	['brain', 'pgp1_excite_neuron', 'pgp1_astro']	ENCFF773TTA	ENCFF402ZUC	ENCFF378JMO	https://www.encodeproject.org/documents/5a9cb0de-a425-449d-bc65-6316f79e71ce/	'ENCODE Long Read RNA-Seq Analysis Protocolfor Mouse Samples (v.1.1)'	Pacific Biosciences Sequel	9.3	False	1304133
ENCSR644GDT	cortex_wt_m_2_1	cortex	Cortex	cortex	cortex		m	b6n	tissue	#634273	['brain', 'pgp1_excite_neuron', 'pgp1_astro']	ENCFF405HLV	ENCFF476MLA	ENCFF346JJP	https://www.encodeproject.org/documents/77db752f-abf7-4c93-a460-510464134f52/ , https://www.encodeproject.org/documents/81af563b-5134-4f78-9bc4-41cb42cc6a48/	'PacBio LongRead 2.0', 'ENCODE Long Read RNA-Seq Analysis Protocol for HumanSamples (v3.0)'	Pacific Biosciences Sequel II	9.0	True	2538854
ENCSR644GDT	cortex_wt_m_2_2	cortex	Cortex	cortex	cortex		m	b6n	tissue	#634273	['brain', 'pgp1_excite_neuron', 'pgp1_astro']	ENCFF149EOM	ENCFF683BZL	ENCFF699JUB	https://www.encodeproject.org/documents/77db752f-abf7-4c93-a460-510464134f52/ , https://www.encodeproject.org/documents/81af563b-5134-4f78-9bc4-41cb42cc6a48/	'PacBio LongRead 2.0', 'ENCODE Long Read RNA-Seq Analysis Protocol for HumanSamples (v3.0)'	Pacific Biosciences Sequel II	9.0	True	2740617
ENCSR674BKT	cortex_5x_m_1_1	cortex	Cortex	cortex	cortex		m	5xfad	tissue	#634273	['brain', 'pgp1_excite_neuron', 'pgp1_astro']	ENCFF550PML	ENCFF201HBC	ENCFF016RAT	https://www.encodeproject.org/documents/77db752f-abf7-4c93-a460-510464134f52/ , https://www.encodeproject.org/documents/81af563b-5134-4f78-9bc4-41cb42cc6a48/	'PacBio LongRead 2.0', 'ENCODE Long Read RNA-Seq Analysis Protocol for HumanSamples (v3.0)'	Pacific Biosciences Sequel II		True	2120771
ENCSR674BKT	cortex_5x_m_1_2	cortex	Cortex	cortex	cortex		m	5xfad	tissue	#634273	['brain', 'pgp1_excite_neuron', 'pgp1_astro']	ENCFF244NTP	ENCFF095CHU	ENCFF045LNO	https://www.encodeproject.org/documents/77db752f-abf7-4c93-a460-510464134f52/ , https://www.encodeproject.org/documents/81af563b-5134-4f78-9bc4-41cb42cc6a48/	'PacBio LongRead 2.0', 'ENCODE Long Read RNA-Seq Analysis Protocol for HumanSamples (v3.0)'	Pacific Biosciences Sequel II		True	3232205
ENCSR631KNS	cortex_14d_f_1	cortex_14d	Cortex PND14	cortex	cortex	14d	f	b6/cast	tissue	#c7b5cf	['brain', 'pgp1_excite_neuron', 'pgp1_astro']	ENCFF647URO	ENCFF773BXP	ENCFF950QSG	https://www.encodeproject.org/documents/bf543ffc-23d0-4f6f-b6a8-d131859259e4/ , https://www.encodeproject.org/documents/3baa46d2-cb88-4608-8877-70596d200489/	'ENCODE Long Read RNA-Seq Analysis Protocol for MouseSamples (v.3.1)', 'PacBio libraries v3 (October, 2020) Protocol to build non-size selected cDNA libraries for Pacific Biosciences long-read sequencing Version 3.0 (October, 2020)'	Pacific Biosciences Sequel II	9.0	True	1087280
ENCSR631KNS	cortex_14d_f_2	cortex_14d	Cortex PND14	cortex	cortex	14d	f	b6/cast	tissue	#c7b5cf	['brain', 'pgp1_excite_neuron', 'pgp1_astro']	ENCFF563NJO	ENCFF468KWN	ENCFF633UIS	https://www.encodeproject.org/documents/bf543ffc-23d0-4f6f-b6a8-d131859259e4/ , https://www.encodeproject.org/documents/3baa46d2-cb88-4608-8877-70596d200489/	'ENCODE Long Read RNA-Seq Analysis Protocol for MouseSamples (v.3.1)', 'PacBio libraries v3 (October, 2020) Protocol to build non-size selected cDNA libraries for Pacific Biosciences long-read sequencing Version 3.0 (October, 2020)'	Pacific Biosciences Sequel II	9.0	True	762376
ENCSR791JQO	cortex_14d_m_1	cortex_14d	Cortex PND14	cortex	cortex	14d	m	b6/cast	tissue	#c7b5cf	['brain', 'pgp1_excite_neuron', 'pgp1_astro']	ENCFF254GFU	ENCFF100UBG	ENCFF125MOK	https://www.encodeproject.org/documents/bf543ffc-23d0-4f6f-b6a8-d131859259e4/ , https://www.encodeproject.org/documents/3baa46d2-cb88-4608-8877-70596d200489/	'ENCODE Long Read RNA-Seq Analysis Protocol for MouseSamples (v.3.1)', 'PacBio libraries v3 (October, 2020) Protocol to build non-size selected cDNA libraries for Pacific Biosciences long-read sequencing Version 3.0 (October, 2020)'	Pacific Biosciences Sequel II	9.0	True	782521
ENCSR791JQO	cortex_14d_m_2	cortex_14d	Cortex PND14	cortex	cortex	14d	m	b6/cast	tissue	#c7b5cf	['brain', 'pgp1_excite_neuron', 'pgp1_astro']	ENCFF816VUM	ENCFF812RTU	ENCFF769YZL	https://www.encodeproject.org/documents/bf543ffc-23d0-4f6f-b6a8-d131859259e4/ , https://www.encodeproject.org/documents/3baa46d2-cb88-4608-8877-70596d200489/	'ENCODE Long Read RNA-Seq Analysis Protocol for MouseSamples (v.3.1)', 'PacBio libraries v3 (October, 2020) Protocol to build non-size selected cDNA libraries for Pacific Biosciences long-read sequencing Version 3.0 (October, 2020)'	Pacific Biosciences Sequel II	9.0	True	935052
ENCSR550KPM	cortex_18-20mo_f_1	cortex_18-20mo	Cortex PNM18-20	cortex	cortex	18-20mo	f	b6/cast	tissue	#7c5290	['brain', 'pgp1_excite_neuron', 'pgp1_astro']	ENCFF054XPK	ENCFF520HCL	ENCFF436XRC	https://www.encodeproject.org/documents/bf543ffc-23d0-4f6f-b6a8-d131859259e4/ , https://www.encodeproject.org/documents/3baa46d2-cb88-4608-8877-70596d200489/	'ENCODE Long Read RNA-Seq Analysis Protocol for MouseSamples (v.3.1)', 'PacBio libraries v3 (October, 2020) Protocol to build non-size selected cDNA libraries for Pacific Biosciences long-read sequencing Version 3.0 (October, 2020)'	Pacific Biosciences Sequel II	8.0	True	871524
ENCSR550KPM	cortex_18-20mo_f_2	cortex_18-20mo	Cortex PNM18-20	cortex	cortex	18-20mo	f	b6/cast	tissue	#7c5290	['brain', 'pgp1_excite_neuron', 'pgp1_astro']	ENCFF269APD	ENCFF132MEJ	ENCFF521YYK	https://www.encodeproject.org/documents/bf543ffc-23d0-4f6f-b6a8-d131859259e4/ , https://www.encodeproject.org/documents/3baa46d2-cb88-4608-8877-70596d200489/	'ENCODE Long Read RNA-Seq Analysis Protocol for MouseSamples (v.3.1)', 'PacBio libraries v3 (October, 2020) Protocol to build non-size selected cDNA libraries for Pacific Biosciences long-read sequencing Version 3.0 (October, 2020)'	Pacific Biosciences Sequel II	8.0	True	839150
ENCSR628IMW	cortex_18-20mo_m_1	cortex_18-20mo	Cortex PNM18-20	cortex	cortex	18-20mo	m	b6/cast	tissue	#7c5290	['brain', 'pgp1_excite_neuron', 'pgp1_astro']	ENCFF691BND	ENCFF565RLW	ENCFF851BOA	https://www.encodeproject.org/documents/bf543ffc-23d0-4f6f-b6a8-d131859259e4/ , https://www.encodeproject.org/documents/3baa46d2-cb88-4608-8877-70596d200489/	'ENCODE Long Read RNA-Seq Analysis Protocol for MouseSamples (v.3.1)', 'PacBio libraries v3 (October, 2020) Protocol to build non-size selected cDNA libraries for Pacific Biosciences long-read sequencing Version 3.0 (October, 2020)'	Pacific Biosciences Sequel II	9.0	True	1187511
ENCSR628IMW	cortex_18-20mo_m_2	cortex_18-20mo	Cortex PNM18-20	cortex	cortex	18-20mo	m	b6/cast	tissue	#7c5290	['brain', 'pgp1_excite_neuron', 'pgp1_astro']	ENCFF603QTD	ENCFF325BXV	ENCFF315DLM	https://www.encodeproject.org/documents/bf543ffc-23d0-4f6f-b6a8-d131859259e4/ , https://www.encodeproject.org/documents/3baa46d2-cb88-4608-8877-70596d200489/	'ENCODE Long Read RNA-Seq Analysis Protocol for MouseSamples (v.3.1)', 'PacBio libraries v3 (October, 2020) Protocol to build non-size selected cDNA libraries for Pacific Biosciences long-read sequencing Version 3.0 (October, 2020)'	Pacific Biosciences Sequel II	9.0	True	1118251
ENCSR861RCH	cortex_2mo_f_1	cortex_2mo	Cortex PNM2	cortex	cortex	2mo	f	b6/cast	tissue	#8f6ba0	['brain', 'pgp1_excite_neuron', 'pgp1_astro']	ENCFF484SWE	ENCFF605NQH	ENCFF101RZW	https://www.encodeproject.org/documents/bf543ffc-23d0-4f6f-b6a8-d131859259e4/ , https://www.encodeproject.org/documents/3baa46d2-cb88-4608-8877-70596d200489/	'ENCODE Long Read RNA-Seq Analysis Protocol for MouseSamples (v.3.1)', 'PacBio libraries v3 (October, 2020) Protocol to build non-size selected cDNA libraries for Pacific Biosciences long-read sequencing Version 3.0 (October, 2020)'	Pacific Biosciences Sequel II	9.0	True	686395
ENCSR861RCH	cortex_2mo_f_2	cortex_2mo	Cortex PNM2	cortex	cortex	2mo	f	b6/cast	tissue	#8f6ba0	['brain', 'pgp1_excite_neuron', 'pgp1_astro']	ENCFF981KWX	ENCFF937WKF	ENCFF413JMT	https://www.encodeproject.org/documents/bf543ffc-23d0-4f6f-b6a8-d131859259e4/ , https://www.encodeproject.org/documents/3baa46d2-cb88-4608-8877-70596d200489/	'ENCODE Long Read RNA-Seq Analysis Protocol for MouseSamples (v.3.1)', 'PacBio libraries v3 (October, 2020) Protocol to build non-size selected cDNA libraries for Pacific Biosciences long-read sequencing Version 3.0 (October, 2020)'	Pacific Biosciences Sequel II	9.0	True	858276
ENCSR862DMK	cortex_2mo_m_1	cortex_2mo	Cortex PNM2	cortex	cortex	2mo	m	b6/cast	tissue	#8f6ba0	['brain', 'pgp1_excite_neuron', 'pgp1_astro']	ENCFF277JRJ	ENCFF285NUG	ENCFF439LFE	https://www.encodeproject.org/documents/bf543ffc-23d0-4f6f-b6a8-d131859259e4/ , https://www.encodeproject.org/documents/3baa46d2-cb88-4608-8877-70596d200489/	'ENCODE Long Read RNA-Seq Analysis Protocol for MouseSamples (v.3.1)', 'PacBio libraries v3 (October, 2020) Protocol to build non-size selected cDNA libraries for Pacific Biosciences long-read sequencing Version 3.0 (October, 2020)'	Pacific Biosciences Sequel II	8.0	True	1049632
ENCSR862DMK	cortex_2mo_m_2	cortex_2mo	Cortex PNM2	cortex	cortex	2mo	m	b6/cast	tissue	#8f6ba0	['brain', 'pgp1_excite_neuron', 'pgp1_astro']	ENCFF792XAE	ENCFF977AFJ	ENCFF594DAT	https://www.encodeproject.org/documents/bf543ffc-23d0-4f6f-b6a8-d131859259e4/ , https://www.encodeproject.org/documents/3baa46d2-cb88-4608-8877-70596d200489/	'ENCODE Long Read RNA-Seq Analysis Protocol for MouseSamples (v.3.1)', 'PacBio libraries v3 (October, 2020) Protocol to build non-size selected cDNA libraries for Pacific Biosciences long-read sequencing Version 3.0 (October, 2020)'	Pacific Biosciences Sequel II	8.0	True	479480
ENCSR172GXL	f1219_1_1	f1219	F121-9	ES	ES		f	129/sv/cast	cell_line	#4340bc	['h1', 'wtc11']	ENCFF945QSC	ENCFF667VXS	ENCFF108NUC	https://www.encodeproject.org/documents/53196858-d826-458a-8232-22e4b7c2d653/ , https://www.encodeproject.org/documents/81af563b-5134-4f78-9bc4-41cb42cc6a48/ , https://www.encodeproject.org/documents/e909542d-44c0-4bee-9aac-4d41a0b768db/	'Long read cDNA prep with Maxima H', 'ENCODE Long Read RNA-Seq Analysis Protocol for HumanSamples (v3.0)', 'Protocol to add 5’ cap structures to exogenous synthetic RNA references (spike-ins) 1.0'	Pacific Biosciences Sequel II		True	2149966
ENCSR172GXL	f1219_1_2	f1219	F121-9	ES	ES		f	129/sv/cast	cell_line	#4340bc	['h1', 'wtc11']	ENCFF240QMR	ENCFF874VSI	ENCFF008DSH	https://www.encodeproject.org/documents/53196858-d826-458a-8232-22e4b7c2d653/ , https://www.encodeproject.org/documents/81af563b-5134-4f78-9bc4-41cb42cc6a48/ , https://www.encodeproject.org/documents/e909542d-44c0-4bee-9aac-4d41a0b768db/	'Long read cDNA prep with Maxima H', 'ENCODE Long Read RNA-Seq Analysis Protocol for HumanSamples (v3.0)', 'Protocol to add 5’ cap structures to exogenous synthetic RNA references (spike-ins) 1.0'	Pacific Biosciences Sequel II		True	3242087
ENCSR172GXL	f1219_1_3	f1219	F121-9	ES	ES		f	129/sv/cast	cell_line	#4340bc	['h1', 'wtc11']	ENCFF697PDG	ENCFF313VYZ	ENCFF292NKU	https://www.encodeproject.org/documents/53196858-d826-458a-8232-22e4b7c2d653/ , https://www.encodeproject.org/documents/81af563b-5134-4f78-9bc4-41cb42cc6a48/ , https://www.encodeproject.org/documents/e909542d-44c0-4bee-9aac-4d41a0b768db/	'Long read cDNA prep with Maxima H', 'ENCODE Long Read RNA-Seq Analysis Protocol for HumanSamples (v3.0)', 'Protocol to add 5’ cap structures to exogenous synthetic RNA references (spike-ins) 1.0'	Pacific Biosciences Sequel II		True	1708941
ENCSR804QMV	forelimb_e11_1_1	forelimb_e11	Forelimb E11	forelimb	forelimb	e11		b6n	tissue	#99ebec	['muscle', 'h9_osteocyte']	ENCFF226FNF	ENCFF348TRU	ENCFF566IYO	https://www.encodeproject.org/documents/5a9cb0de-a425-449d-bc65-6316f79e71ce/	'ENCODE Long Read RNA-Seq Analysis Protocolfor Mouse Samples (v.1.1)'	Pacific Biosciences Sequel		False	538705
ENCSR082JMB	forelimb_e13_1_1	forelimb_e13	Forelimb E13	forelimb	forelimb	e13		b6	tissue	#01ced0	['muscle', 'h9_osteocyte']	ENCFF479KNZ	ENCFF417EKT	ENCFF804XPQ	https://www.encodeproject.org/documents/5a9cb0de-a425-449d-bc65-6316f79e71ce/	'ENCODE Long Read RNA-Seq Analysis Protocolfor Mouse Samples (v.1.1)'	Pacific Biosciences Sequel		False	682509
ENCSR754VEZ	gastroc_10d_f_2	gastroc_10d	Gastrocnemius PND10	muscle	muscle	10d	f	b6/cast	tissue	#c5cbde	['muscle']	ENCFF691USV	ENCFF696VVK	ENCFF293HRQ	https://www.encodeproject.org/documents/3baa46d2-cb88-4608-8877-70596d200489/ , https://www.encodeproject.org/documents/7ca4f144-8428-4d20-95b5-f6dd74c0781c/	'PacBio libraries v3 (October, 2020) Protocol to build non-size selected cDNA libraries for Pacific Biosciences long-read sequencing Version 3.0 (October, 2020)', 'ENCODE Long Read RNA-Seq Analysis Protocol for MouseSamples (v.3.0)'	Pacific Biosciences Sequel II	9.0	True	636063
ENCSR754VEZ	gastroc_10d_f_1	gastroc_10d	Gastrocnemius PND10	muscle	muscle	10d	f	b6/cast	tissue	#c5cbde	['muscle']	ENCFF790IBF	ENCFF337DWM	ENCFF221IAN	https://www.encodeproject.org/documents/3baa46d2-cb88-4608-8877-70596d200489/ , https://www.encodeproject.org/documents/7ca4f144-8428-4d20-95b5-f6dd74c0781c/	'PacBio libraries v3 (October, 2020) Protocol to build non-size selected cDNA libraries for Pacific Biosciences long-read sequencing Version 3.0 (October, 2020)', 'ENCODE Long Read RNA-Seq Analysis Protocol for MouseSamples (v.3.0)'	Pacific Biosciences Sequel II	9.0	True	1207044
ENCSR734WEK	gastroc_10d_m_1	gastroc_10d	Gastrocnemius PND10	muscle	muscle	10d	m	b6/cast	tissue	#c5cbde	['muscle']	ENCFF495MGN	ENCFF047OYU	ENCFF233QCR	https://www.encodeproject.org/documents/bf543ffc-23d0-4f6f-b6a8-d131859259e4/ , https://www.encodeproject.org/documents/3baa46d2-cb88-4608-8877-70596d200489/ , https://www.encodeproject.org/documents/7ca4f144-8428-4d20-95b5-f6dd74c0781c/	'ENCODE Long Read RNA-Seq Analysis Protocol for MouseSamples (v.3.1)', 'PacBio libraries v3 (October, 2020) Protocol to build non-size selected cDNA libraries for Pacific Biosciences long-read sequencing Version 3.0 (October, 2020)', 'ENCODE Long Read RNA-Seq Analysis Protocol for MouseSamples (v.3.0)'	Pacific Biosciences Sequel II	9.0	True	1172413
ENCSR734WEK	gastroc_10d_m_2	gastroc_10d	Gastrocnemius PND10	muscle	muscle	10d	m	b6/cast	tissue	#c5cbde	['muscle']	ENCFF690TKD	ENCFF389RMT	ENCFF567ALB	https://www.encodeproject.org/documents/bf543ffc-23d0-4f6f-b6a8-d131859259e4/ , https://www.encodeproject.org/documents/3baa46d2-cb88-4608-8877-70596d200489/ , https://www.encodeproject.org/documents/7ca4f144-8428-4d20-95b5-f6dd74c0781c/	'ENCODE Long Read RNA-Seq Analysis Protocol for MouseSamples (v.3.1)', 'PacBio libraries v3 (October, 2020) Protocol to build non-size selected cDNA libraries for Pacific Biosciences long-read sequencing Version 3.0 (October, 2020)', 'ENCODE Long Read RNA-Seq Analysis Protocol for MouseSamples (v.3.0)'	Pacific Biosciences Sequel II	9.0	True	957529
ENCSR920WYI	gastroc_14d_f_2	gastroc_14d	Gastrocnemius PND14	muscle	muscle	14d	f	b6/cast	tissue	#a8b1ce	['muscle']	ENCFF524FPE	ENCFF124DBU	ENCFF285TTM	https://www.encodeproject.org/documents/3baa46d2-cb88-4608-8877-70596d200489/ , https://www.encodeproject.org/documents/7ca4f144-8428-4d20-95b5-f6dd74c0781c/	'PacBio libraries v3 (October, 2020) Protocol to build non-size selected cDNA libraries for Pacific Biosciences long-read sequencing Version 3.0 (October, 2020)', 'ENCODE Long Read RNA-Seq Analysis Protocol for MouseSamples (v.3.0)'	Pacific Biosciences Sequel II	9.0	True	1204188
ENCSR920WYI	gastroc_14d_f_1	gastroc_14d	Gastrocnemius PND14	muscle	muscle	14d	f	b6/cast	tissue	#a8b1ce	['muscle']	ENCFF736MDK	ENCFF618PJT	ENCFF823CFA	https://www.encodeproject.org/documents/3baa46d2-cb88-4608-8877-70596d200489/ , https://www.encodeproject.org/documents/7ca4f144-8428-4d20-95b5-f6dd74c0781c/	'PacBio libraries v3 (October, 2020) Protocol to build non-size selected cDNA libraries for Pacific Biosciences long-read sequencing Version 3.0 (October, 2020)', 'ENCODE Long Read RNA-Seq Analysis Protocol for MouseSamples (v.3.0)'	Pacific Biosciences Sequel II	9.0	True	1316937
ENCSR402DOZ	gastroc_14d_m_2	gastroc_14d	Gastrocnemius PND14	muscle	muscle	14d	m	b6/cast	tissue	#a8b1ce	['muscle']	ENCFF137SHD	ENCFF369DHX	ENCFF792HGO	https://www.encodeproject.org/documents/3baa46d2-cb88-4608-8877-70596d200489/ , https://www.encodeproject.org/documents/7ca4f144-8428-4d20-95b5-f6dd74c0781c/	'PacBio libraries v3 (October, 2020) Protocol to build non-size selected cDNA libraries for Pacific Biosciences long-read sequencing Version 3.0 (October, 2020)', 'ENCODE Long Read RNA-Seq Analysis Protocol for MouseSamples (v.3.0)'	Pacific Biosciences Sequel II	9.0	True	642362
ENCSR402DOZ	gastroc_14d_m_1	gastroc_14d	Gastrocnemius PND14	muscle	muscle	14d	m	b6/cast	tissue	#a8b1ce	['muscle']	ENCFF544KTY	ENCFF948TOU	ENCFF213OCJ	https://www.encodeproject.org/documents/3baa46d2-cb88-4608-8877-70596d200489/ , https://www.encodeproject.org/documents/7ca4f144-8428-4d20-95b5-f6dd74c0781c/	'PacBio libraries v3 (October, 2020) Protocol to build non-size selected cDNA libraries for Pacific Biosciences long-read sequencing Version 3.0 (October, 2020)', 'ENCODE Long Read RNA-Seq Analysis Protocol for MouseSamples (v.3.0)'	Pacific Biosciences Sequel II	9.0	True	1141661
ENCSR223AZQ	gastroc_18-20mo_f_2	gastroc_18-20mo	Gastrocnemius PNM18-20	muscle	muscle	18-20mo	f	b6/cast	tissue	#334a8d	['muscle']	ENCFF523LUA	ENCFF028QQV	ENCFF794AWQ	https://www.encodeproject.org/documents/3baa46d2-cb88-4608-8877-70596d200489/ , https://www.encodeproject.org/documents/7ca4f144-8428-4d20-95b5-f6dd74c0781c/	'PacBio libraries v3 (October, 2020) Protocol to build non-size selected cDNA libraries for Pacific Biosciences long-read sequencing Version 3.0 (October, 2020)', 'ENCODE Long Read RNA-Seq Analysis Protocol for MouseSamples (v.3.0)'	Pacific Biosciences Sequel II	9.0	True	1017384
ENCSR223AZQ	gastroc_18-20mo_f_1	gastroc_18-20mo	Gastrocnemius PNM18-20	muscle	muscle	18-20mo	f	b6/cast	tissue	#334a8d	['muscle']	ENCFF033HBE	ENCFF281GTL	ENCFF463IFJ	https://www.encodeproject.org/documents/3baa46d2-cb88-4608-8877-70596d200489/ , https://www.encodeproject.org/documents/7ca4f144-8428-4d20-95b5-f6dd74c0781c/	'PacBio libraries v3 (October, 2020) Protocol to build non-size selected cDNA libraries for Pacific Biosciences long-read sequencing Version 3.0 (October, 2020)', 'ENCODE Long Read RNA-Seq Analysis Protocol for MouseSamples (v.3.0)'	Pacific Biosciences Sequel II	9.0	True	1175829
ENCSR116DUT	gastroc_18-20mo_m_1	gastroc_18-20mo	Gastrocnemius PNM18-20	muscle	muscle	18-20mo	m	b6/cast	tissue	#334a8d	['muscle']	ENCFF584LYA	ENCFF865ZOH	ENCFF353JKI	https://www.encodeproject.org/documents/3baa46d2-cb88-4608-8877-70596d200489/ , https://www.encodeproject.org/documents/7ca4f144-8428-4d20-95b5-f6dd74c0781c/	'PacBio libraries v3 (October, 2020) Protocol to build non-size selected cDNA libraries for Pacific Biosciences long-read sequencing Version 3.0 (October, 2020)', 'ENCODE Long Read RNA-Seq Analysis Protocol for MouseSamples (v.3.0)'	Pacific Biosciences Sequel II	9.0	True	1509380
ENCSR116DUT	gastroc_18-20mo_m_2	gastroc_18-20mo	Gastrocnemius PNM18-20	muscle	muscle	18-20mo	m	b6/cast	tissue	#334a8d	['muscle']	ENCFF715RFV	ENCFF421HRA	ENCFF057DYQ	https://www.encodeproject.org/documents/3baa46d2-cb88-4608-8877-70596d200489/ , https://www.encodeproject.org/documents/7ca4f144-8428-4d20-95b5-f6dd74c0781c/	'PacBio libraries v3 (October, 2020) Protocol to build non-size selected cDNA libraries for Pacific Biosciences long-read sequencing Version 3.0 (October, 2020)', 'ENCODE Long Read RNA-Seq Analysis Protocol for MouseSamples (v.3.0)'	Pacific Biosciences Sequel II	9.0	True	1173233
ENCSR818JQK	gastroc_25d_f_1	gastroc_25d	Gastrocnemius PND25	muscle	muscle	25d	f	b6/cast	tissue	#8a98be	['muscle']	ENCFF871UCZ	ENCFF837UMP	ENCFF402JSQ	https://www.encodeproject.org/documents/3baa46d2-cb88-4608-8877-70596d200489/ , https://www.encodeproject.org/documents/7ca4f144-8428-4d20-95b5-f6dd74c0781c/	'PacBio libraries v3 (October, 2020) Protocol to build non-size selected cDNA libraries for Pacific Biosciences long-read sequencing Version 3.0 (October, 2020)', 'ENCODE Long Read RNA-Seq Analysis Protocol for MouseSamples (v.3.0)'	Pacific Biosciences Sequel II	9.0	True	1100764
ENCSR818JQK	gastroc_25d_f_2	gastroc_25d	Gastrocnemius PND25	muscle	muscle	25d	f	b6/cast	tissue	#8a98be	['muscle']	ENCFF481DML	ENCFF556BPF	ENCFF951RWG	https://www.encodeproject.org/documents/3baa46d2-cb88-4608-8877-70596d200489/ , https://www.encodeproject.org/documents/7ca4f144-8428-4d20-95b5-f6dd74c0781c/	'PacBio libraries v3 (October, 2020) Protocol to build non-size selected cDNA libraries for Pacific Biosciences long-read sequencing Version 3.0 (October, 2020)', 'ENCODE Long Read RNA-Seq Analysis Protocol for MouseSamples (v.3.0)'	Pacific Biosciences Sequel II	9.0	True	1588661
ENCSR791CDT	gastroc_25d_m_2	gastroc_25d	Gastrocnemius PND25	muscle	muscle	25d	m	b6/cast	tissue	#8a98be	['muscle']	ENCFF984UIN	ENCFF435GLV	ENCFF977HLZ	https://www.encodeproject.org/documents/3baa46d2-cb88-4608-8877-70596d200489/ , https://www.encodeproject.org/documents/7ca4f144-8428-4d20-95b5-f6dd74c0781c/	'PacBio libraries v3 (October, 2020) Protocol to build non-size selected cDNA libraries for Pacific Biosciences long-read sequencing Version 3.0 (October, 2020)', 'ENCODE Long Read RNA-Seq Analysis Protocol for MouseSamples (v.3.0)'	Pacific Biosciences Sequel II	9.0	True	1703457
ENCSR791CDT	gastroc_25d_m_1	gastroc_25d	Gastrocnemius PND25	muscle	muscle	25d	m	b6/cast	tissue	#8a98be	['muscle']	ENCFF960HIF	ENCFF221ABY	ENCFF767GXC	https://www.encodeproject.org/documents/3baa46d2-cb88-4608-8877-70596d200489/ , https://www.encodeproject.org/documents/7ca4f144-8428-4d20-95b5-f6dd74c0781c/	'PacBio libraries v3 (October, 2020) Protocol to build non-size selected cDNA libraries for Pacific Biosciences long-read sequencing Version 3.0 (October, 2020)', 'ENCODE Long Read RNA-Seq Analysis Protocol for MouseSamples (v.3.0)'	Pacific Biosciences Sequel II	9.0	True	1292409
ENCSR370BHF	gastroc_2mo_f_2	gastroc_2mo	Gastrocnemius PNM2	muscle	muscle	2mo	f	b6/cast	tissue	#50649d	['muscle']	ENCFF721JWI	ENCFF095FKV	ENCFF949HWT	https://www.encodeproject.org/documents/3baa46d2-cb88-4608-8877-70596d200489/ , https://www.encodeproject.org/documents/7ca4f144-8428-4d20-95b5-f6dd74c0781c/	'PacBio libraries v3 (October, 2020) Protocol to build non-size selected cDNA libraries for Pacific Biosciences long-read sequencing Version 3.0 (October, 2020)', 'ENCODE Long Read RNA-Seq Analysis Protocol for MouseSamples (v.3.0)'	Pacific Biosciences Sequel II	9.0	True	1359923
ENCSR370BHF	gastroc_2mo_f_1	gastroc_2mo	Gastrocnemius PNM2	muscle	muscle	2mo	f	b6/cast	tissue	#50649d	['muscle']	ENCFF385JNL	ENCFF271ZDH	ENCFF970PLN	https://www.encodeproject.org/documents/3baa46d2-cb88-4608-8877-70596d200489/ , https://www.encodeproject.org/documents/7ca4f144-8428-4d20-95b5-f6dd74c0781c/	'PacBio libraries v3 (October, 2020) Protocol to build non-size selected cDNA libraries for Pacific Biosciences long-read sequencing Version 3.0 (October, 2020)', 'ENCODE Long Read RNA-Seq Analysis Protocol for MouseSamples (v.3.0)'	Pacific Biosciences Sequel II	9.0	True	1349298
ENCSR845IUJ	gastroc_2mo_m_2	gastroc_2mo	Gastrocnemius PNM2	muscle	muscle	2mo	m	b6/cast	tissue	#50649d	['muscle']	ENCFF958QWV	ENCFF441MLQ	ENCFF434ITE	https://www.encodeproject.org/documents/3baa46d2-cb88-4608-8877-70596d200489/ , https://www.encodeproject.org/documents/7ca4f144-8428-4d20-95b5-f6dd74c0781c/	'PacBio libraries v3 (October, 2020) Protocol to build non-size selected cDNA libraries for Pacific Biosciences long-read sequencing Version 3.0 (October, 2020)', 'ENCODE Long Read RNA-Seq Analysis Protocol for MouseSamples (v.3.0)'	Pacific Biosciences Sequel II	9.0	True	1480977
ENCSR845IUJ	gastroc_2mo_m_1	gastroc_2mo	Gastrocnemius PNM2	muscle	muscle	2mo	m	b6/cast	tissue	#50649d	['muscle']	ENCFF291WVH	ENCFF327DHL	ENCFF262EPW	https://www.encodeproject.org/documents/3baa46d2-cb88-4608-8877-70596d200489/ , https://www.encodeproject.org/documents/7ca4f144-8428-4d20-95b5-f6dd74c0781c/	'PacBio libraries v3 (October, 2020) Protocol to build non-size selected cDNA libraries for Pacific Biosciences long-read sequencing Version 3.0 (October, 2020)', 'ENCODE Long Read RNA-Seq Analysis Protocol for MouseSamples (v.3.0)'	Pacific Biosciences Sequel II	9.0	True	1182747
ENCSR588IRT	gastroc_36d_f_2	gastroc_36d	Gastrocnemius PND36	muscle	muscle	36d	f	b6/cast	tissue	#6d7eae	['muscle']	ENCFF882CXN	ENCFF294TJX	ENCFF608LPM	https://www.encodeproject.org/documents/3baa46d2-cb88-4608-8877-70596d200489/ , https://www.encodeproject.org/documents/7ca4f144-8428-4d20-95b5-f6dd74c0781c/	'PacBio libraries v3 (October, 2020) Protocol to build non-size selected cDNA libraries for Pacific Biosciences long-read sequencing Version 3.0 (October, 2020)', 'ENCODE Long Read RNA-Seq Analysis Protocol for MouseSamples (v.3.0)'	Pacific Biosciences Sequel II	9.0	True	1748822
ENCSR588IRT	gastroc_36d_f_1	gastroc_36d	Gastrocnemius PND36	muscle	muscle	36d	f	b6/cast	tissue	#6d7eae	['muscle']	ENCFF183WGH	ENCFF524YTF	ENCFF558RAL	https://www.encodeproject.org/documents/3baa46d2-cb88-4608-8877-70596d200489/ , https://www.encodeproject.org/documents/7ca4f144-8428-4d20-95b5-f6dd74c0781c/	'PacBio libraries v3 (October, 2020) Protocol to build non-size selected cDNA libraries for Pacific Biosciences long-read sequencing Version 3.0 (October, 2020)', 'ENCODE Long Read RNA-Seq Analysis Protocol for MouseSamples (v.3.0)'	Pacific Biosciences Sequel II	9.0	True	853589
ENCSR437WYC	gastroc_36d_m_1	gastroc_36d	Gastrocnemius PND36	muscle	muscle	36d	m	b6/cast	tissue	#6d7eae	['muscle']	ENCFF524QBF	ENCFF107CZA	ENCFF937OFR	https://www.encodeproject.org/documents/3baa46d2-cb88-4608-8877-70596d200489/ , https://www.encodeproject.org/documents/7ca4f144-8428-4d20-95b5-f6dd74c0781c/	'PacBio libraries v3 (October, 2020) Protocol to build non-size selected cDNA libraries for Pacific Biosciences long-read sequencing Version 3.0 (October, 2020)', 'ENCODE Long Read RNA-Seq Analysis Protocol for MouseSamples (v.3.0)'	Pacific Biosciences Sequel II	9.0	True	1106945
ENCSR437WYC	gastroc_36d_m_2	gastroc_36d	Gastrocnemius PND36	muscle	muscle	36d	m	b6/cast	tissue	#6d7eae	['muscle']	ENCFF550PLW	ENCFF957OYJ	ENCFF472VGI	https://www.encodeproject.org/documents/3baa46d2-cb88-4608-8877-70596d200489/ , https://www.encodeproject.org/documents/7ca4f144-8428-4d20-95b5-f6dd74c0781c/	'PacBio libraries v3 (October, 2020) Protocol to build non-size selected cDNA libraries for Pacific Biosciences long-read sequencing Version 3.0 (October, 2020)', 'ENCODE Long Read RNA-Seq Analysis Protocol for MouseSamples (v.3.0)'	Pacific Biosciences Sequel II	9.0	True	1514119
ENCSR524XLA	gastroc_4d_f_2	gastroc_4d	Gastrocnemius PND4	muscle	muscle	4d	f	b6/cast	tissue	#e2e5ef	['muscle']	ENCFF757HQI	ENCFF462TIY	ENCFF449IWN	https://www.encodeproject.org/documents/3baa46d2-cb88-4608-8877-70596d200489/ , https://www.encodeproject.org/documents/7ca4f144-8428-4d20-95b5-f6dd74c0781c/	'PacBio libraries v3 (October, 2020) Protocol to build non-size selected cDNA libraries for Pacific Biosciences long-read sequencing Version 3.0 (October, 2020)', 'ENCODE Long Read RNA-Seq Analysis Protocol for MouseSamples (v.3.0)'	Pacific Biosciences Sequel II	9.0	True	810498
ENCSR524XLA	gastroc_4d_f_1	gastroc_4d	Gastrocnemius PND4	muscle	muscle	4d	f	b6/cast	tissue	#e2e5ef	['muscle']	ENCFF107OBP	ENCFF477GNS	ENCFF142YJX	https://www.encodeproject.org/documents/3baa46d2-cb88-4608-8877-70596d200489/ , https://www.encodeproject.org/documents/7ca4f144-8428-4d20-95b5-f6dd74c0781c/	'PacBio libraries v3 (October, 2020) Protocol to build non-size selected cDNA libraries for Pacific Biosciences long-read sequencing Version 3.0 (October, 2020)', 'ENCODE Long Read RNA-Seq Analysis Protocol for MouseSamples (v.3.0)'	Pacific Biosciences Sequel II	9.0	True	1206189
ENCSR964OKW	gastroc_4d_m_1	gastroc_4d	Gastrocnemius PND4	muscle	muscle	4d	m	b6/cast	tissue	#e2e5ef	['muscle']	ENCFF643TDK	ENCFF798HCT	ENCFF541JWV	https://www.encodeproject.org/documents/3baa46d2-cb88-4608-8877-70596d200489/ , https://www.encodeproject.org/documents/7ca4f144-8428-4d20-95b5-f6dd74c0781c/	'PacBio libraries v3 (October, 2020) Protocol to build non-size selected cDNA libraries for Pacific Biosciences long-read sequencing Version 3.0 (October, 2020)', 'ENCODE Long Read RNA-Seq Analysis Protocol for MouseSamples (v.3.0)'	Pacific Biosciences Sequel II	9.0	True	1066347
ENCSR964OKW	gastroc_4d_m_2	gastroc_4d	Gastrocnemius PND4	muscle	muscle	4d	m	b6/cast	tissue	#e2e5ef	['muscle']	ENCFF821NRP	ENCFF069POP	ENCFF362LGG	https://www.encodeproject.org/documents/3baa46d2-cb88-4608-8877-70596d200489/ , https://www.encodeproject.org/documents/7ca4f144-8428-4d20-95b5-f6dd74c0781c/	'PacBio libraries v3 (October, 2020) Protocol to build non-size selected cDNA libraries for Pacific Biosciences long-read sequencing Version 3.0 (October, 2020)', 'ENCODE Long Read RNA-Seq Analysis Protocol for MouseSamples (v.3.0)'	Pacific Biosciences Sequel II	9.0	True	1100253
ENCSR187TGD	heart_14d_f_1	heart_14d	Heart PND14	heart	heart	14d	f	b6/cast	tissue	#c7ddb9	['heart']	ENCFF245XSW	ENCFF885OVT	ENCFF703PQX	https://www.encodeproject.org/documents/bf543ffc-23d0-4f6f-b6a8-d131859259e4/ , https://www.encodeproject.org/documents/3baa46d2-cb88-4608-8877-70596d200489/	'ENCODE Long Read RNA-Seq Analysis Protocol for MouseSamples (v.3.1)', 'PacBio libraries v3 (October, 2020) Protocol to build non-size selected cDNA libraries for Pacific Biosciences long-read sequencing Version 3.0 (October, 2020)'	Pacific Biosciences Sequel II	9.0	True	896941
ENCSR187TGD	heart_14d_f_2	heart_14d	Heart PND14	heart	heart	14d	f	b6/cast	tissue	#c7ddb9	['heart']	ENCFF951AXN	ENCFF484VDN	ENCFF079VYU	https://www.encodeproject.org/documents/bf543ffc-23d0-4f6f-b6a8-d131859259e4/ , https://www.encodeproject.org/documents/3baa46d2-cb88-4608-8877-70596d200489/	'ENCODE Long Read RNA-Seq Analysis Protocol for MouseSamples (v.3.1)', 'PacBio libraries v3 (October, 2020) Protocol to build non-size selected cDNA libraries for Pacific Biosciences long-read sequencing Version 3.0 (October, 2020)'	Pacific Biosciences Sequel II	9.0	True	972159
ENCSR842KTN	heart_14d_m_2	heart_14d	Heart PND14	heart	heart	14d	m	b6/cast	tissue	#c7ddb9	['heart']	ENCFF867QMB	ENCFF860CBL	ENCFF594CLT	https://www.encodeproject.org/documents/bf543ffc-23d0-4f6f-b6a8-d131859259e4/ , https://www.encodeproject.org/documents/3baa46d2-cb88-4608-8877-70596d200489/	'ENCODE Long Read RNA-Seq Analysis Protocol for MouseSamples (v.3.1)', 'PacBio libraries v3 (October, 2020) Protocol to build non-size selected cDNA libraries for Pacific Biosciences long-read sequencing Version 3.0 (October, 2020)'	Pacific Biosciences Sequel II	9.0	True	1110707
ENCSR842KTN	heart_14d_m_1	heart_14d	Heart PND14	heart	heart	14d	m	b6/cast	tissue	#c7ddb9	['heart']	ENCFF953BLN	ENCFF584WWA	ENCFF747EXS	https://www.encodeproject.org/documents/bf543ffc-23d0-4f6f-b6a8-d131859259e4/ , https://www.encodeproject.org/documents/3baa46d2-cb88-4608-8877-70596d200489/	'ENCODE Long Read RNA-Seq Analysis Protocol for MouseSamples (v.3.1)', 'PacBio libraries v3 (October, 2020) Protocol to build non-size selected cDNA libraries for Pacific Biosciences long-read sequencing Version 3.0 (October, 2020)'	Pacific Biosciences Sequel II	9.0	True	1107678
ENCSR267XBT	heart_18-20mo_f_1	heart_18-20mo	Heart PNM18-20	heart	heart	18-20mo	f	b6/cast	tissue	#7caf5c	['heart']	ENCFF917ONC	ENCFF032HOK	ENCFF957PNF	https://www.encodeproject.org/documents/bf543ffc-23d0-4f6f-b6a8-d131859259e4/ , https://www.encodeproject.org/documents/3baa46d2-cb88-4608-8877-70596d200489/	'ENCODE Long Read RNA-Seq Analysis Protocol for MouseSamples (v.3.1)', 'PacBio libraries v3 (October, 2020) Protocol to build non-size selected cDNA libraries for Pacific Biosciences long-read sequencing Version 3.0 (October, 2020)'	Pacific Biosciences Sequel II	8.0	True	642970
ENCSR267XBT	heart_18-20mo_f_2	heart_18-20mo	Heart PNM18-20	heart	heart	18-20mo	f	b6/cast	tissue	#7caf5c	['heart']	ENCFF688VMD	ENCFF356MNK	ENCFF828VWI	https://www.encodeproject.org/documents/bf543ffc-23d0-4f6f-b6a8-d131859259e4/ , https://www.encodeproject.org/documents/3baa46d2-cb88-4608-8877-70596d200489/	'ENCODE Long Read RNA-Seq Analysis Protocol for MouseSamples (v.3.1)', 'PacBio libraries v3 (October, 2020) Protocol to build non-size selected cDNA libraries for Pacific Biosciences long-read sequencing Version 3.0 (October, 2020)'	Pacific Biosciences Sequel II	8.0	True	677209
ENCSR410XGE	heart_18-20mo_m_1	heart_18-20mo	Heart PNM18-20	heart	heart	18-20mo	m	b6/cast	tissue	#7caf5c	['heart']	ENCFF800GKP	ENCFF177KNR	ENCFF458JBD	https://www.encodeproject.org/documents/bf543ffc-23d0-4f6f-b6a8-d131859259e4/ , https://www.encodeproject.org/documents/3baa46d2-cb88-4608-8877-70596d200489/	'ENCODE Long Read RNA-Seq Analysis Protocol for MouseSamples (v.3.1)', 'PacBio libraries v3 (October, 2020) Protocol to build non-size selected cDNA libraries for Pacific Biosciences long-read sequencing Version 3.0 (October, 2020)'	Pacific Biosciences Sequel II	8.0	True	699529
ENCSR410XGE	heart_18-20mo_m_2	heart_18-20mo	Heart PNM18-20	heart	heart	18-20mo	m	b6/cast	tissue	#7caf5c	['heart']	ENCFF510KLD	ENCFF468BPP	ENCFF107ZLE	https://www.encodeproject.org/documents/bf543ffc-23d0-4f6f-b6a8-d131859259e4/ , https://www.encodeproject.org/documents/3baa46d2-cb88-4608-8877-70596d200489/	'ENCODE Long Read RNA-Seq Analysis Protocol for MouseSamples (v.3.1)', 'PacBio libraries v3 (October, 2020) Protocol to build non-size selected cDNA libraries for Pacific Biosciences long-read sequencing Version 3.0 (October, 2020)'	Pacific Biosciences Sequel II	8.0	True	1019974
ENCSR938RPH	heart_2mo_f_1	heart_2mo	Heart PNM2	heart	heart	2mo	f	b6/cast	tissue	#8fba73	['heart']	ENCFF246TCD	ENCFF836SSV	ENCFF427ZRR	https://www.encodeproject.org/documents/bf543ffc-23d0-4f6f-b6a8-d131859259e4/ , https://www.encodeproject.org/documents/3baa46d2-cb88-4608-8877-70596d200489/	'ENCODE Long Read RNA-Seq Analysis Protocol for MouseSamples (v.3.1)', 'PacBio libraries v3 (October, 2020) Protocol to build non-size selected cDNA libraries for Pacific Biosciences long-read sequencing Version 3.0 (October, 2020)'	Pacific Biosciences Sequel II	8.0	True	905154
ENCSR938RPH	heart_2mo_f_2	heart_2mo	Heart PNM2	heart	heart	2mo	f	b6/cast	tissue	#8fba73	['heart']	ENCFF348KGR	ENCFF031EVU	ENCFF992KKH	https://www.encodeproject.org/documents/bf543ffc-23d0-4f6f-b6a8-d131859259e4/ , https://www.encodeproject.org/documents/3baa46d2-cb88-4608-8877-70596d200489/	'ENCODE Long Read RNA-Seq Analysis Protocol for MouseSamples (v.3.1)', 'PacBio libraries v3 (October, 2020) Protocol to build non-size selected cDNA libraries for Pacific Biosciences long-read sequencing Version 3.0 (October, 2020)'	Pacific Biosciences Sequel II	8.0	True	745375
ENCSR375EOW	heart_2mo_m_2	heart_2mo	Heart PNM2	heart	heart	2mo	m	b6/cast	tissue	#8fba73	['heart']	ENCFF769MAL	ENCFF358AEP	ENCFF487CUQ	https://www.encodeproject.org/documents/bf543ffc-23d0-4f6f-b6a8-d131859259e4/ , https://www.encodeproject.org/documents/3baa46d2-cb88-4608-8877-70596d200489/	'ENCODE Long Read RNA-Seq Analysis Protocol for MouseSamples (v.3.1)', 'PacBio libraries v3 (October, 2020) Protocol to build non-size selected cDNA libraries for Pacific Biosciences long-read sequencing Version 3.0 (October, 2020)'	Pacific Biosciences Sequel II	8.0	True	661958
ENCSR375EOW	heart_2mo_m_1	heart_2mo	Heart PNM2	heart	heart	2mo	m	b6/cast	tissue	#8fba73	['heart']	ENCFF150RFK	ENCFF583MVR	ENCFF505GEW	https://www.encodeproject.org/documents/bf543ffc-23d0-4f6f-b6a8-d131859259e4/ , https://www.encodeproject.org/documents/3baa46d2-cb88-4608-8877-70596d200489/	'ENCODE Long Read RNA-Seq Analysis Protocol for MouseSamples (v.3.1)', 'PacBio libraries v3 (October, 2020) Protocol to build non-size selected cDNA libraries for Pacific Biosciences long-read sequencing Version 3.0 (October, 2020)'	Pacific Biosciences Sequel II	8.0	True	454069
ENCSR060OTU	hippocampus_5x_f_1_1	hippocampus	Hippocampus	hippocampus	hippocampus		f	5xfad	tissue	#9a3c4f	['brain', 'pgp1_excite_neuron', 'pgp1_astro']	ENCFF033LIM	ENCFF448KBZ	ENCFF412YGK	https://www.encodeproject.org/documents/77db752f-abf7-4c93-a460-510464134f52/ , https://www.encodeproject.org/documents/81af563b-5134-4f78-9bc4-41cb42cc6a48/	'PacBio LongRead 2.0', 'ENCODE Long Read RNA-Seq Analysis Protocol for HumanSamples (v3.0)'	Pacific Biosciences Sequel II		True	1862373
ENCSR060OTU	hippocampus_5x_f_1_2	hippocampus	Hippocampus	hippocampus	hippocampus		f	5xfad	tissue	#9a3c4f	['brain', 'pgp1_excite_neuron', 'pgp1_astro']	ENCFF794EDV	ENCFF890RGD	ENCFF466LIU	https://www.encodeproject.org/documents/77db752f-abf7-4c93-a460-510464134f52/ , https://www.encodeproject.org/documents/81af563b-5134-4f78-9bc4-41cb42cc6a48/	'PacBio LongRead 2.0', 'ENCODE Long Read RNA-Seq Analysis Protocol for HumanSamples (v3.0)'	Pacific Biosciences Sequel II		True	1704633
ENCSR411ZHA	hippocampus_wt_f_1_1	hippocampus	Hippocampus	hippocampus	hippocampus		f	b6n	tissue	#9a3c4f	['brain', 'pgp1_excite_neuron', 'pgp1_astro']	ENCFF316LYP	ENCFF228VBQ	ENCFF362HIV	https://www.encodeproject.org/documents/77db752f-abf7-4c93-a460-510464134f52/ , https://www.encodeproject.org/documents/81af563b-5134-4f78-9bc4-41cb42cc6a48/	'PacBio LongRead 2.0', 'ENCODE Long Read RNA-Seq Analysis Protocol for HumanSamples (v3.0)'	Pacific Biosciences Sequel II		True	1782274
ENCSR411ZHA	hippocampus_wt_f_1_2	hippocampus	Hippocampus	hippocampus	hippocampus		f	b6n	tissue	#9a3c4f	['brain', 'pgp1_excite_neuron', 'pgp1_astro']	ENCFF041PKK	ENCFF978EIJ	ENCFF242EDW	https://www.encodeproject.org/documents/77db752f-abf7-4c93-a460-510464134f52/ , https://www.encodeproject.org/documents/81af563b-5134-4f78-9bc4-41cb42cc6a48/	'PacBio LongRead 2.0', 'ENCODE Long Read RNA-Seq Analysis Protocol for HumanSamples (v3.0)'	Pacific Biosciences Sequel II		True	2000242
ENCSR926OGQ	hippocampus_wt_m_2_1	hippocampus	Hippocampus	hippocampus	hippocampus		m	b6n	tissue	#9a3c4f	['brain', 'pgp1_excite_neuron', 'pgp1_astro']	ENCFF131HHK	ENCFF376LTY	ENCFF949ERN	https://www.encodeproject.org/documents/77db752f-abf7-4c93-a460-510464134f52/ , https://www.encodeproject.org/documents/81af563b-5134-4f78-9bc4-41cb42cc6a48/	'PacBio LongRead 2.0', 'ENCODE Long Read RNA-Seq Analysis Protocol for HumanSamples (v3.0)'	Pacific Biosciences Sequel II	10.0	True	2859829
ENCSR926OGQ	hippocampus_wt_m_2_2	hippocampus	Hippocampus	hippocampus	hippocampus		m	b6n	tissue	#9a3c4f	['brain', 'pgp1_excite_neuron', 'pgp1_astro']	ENCFF764ZXE	ENCFF314QJI	ENCFF988VNH	https://www.encodeproject.org/documents/77db752f-abf7-4c93-a460-510464134f52/ , https://www.encodeproject.org/documents/81af563b-5134-4f78-9bc4-41cb42cc6a48/	'PacBio LongRead 2.0', 'ENCODE Long Read RNA-Seq Analysis Protocol for HumanSamples (v3.0)'	Pacific Biosciences Sequel II	10.0	True	3010771
ENCSR214HSG	hippocampus_wt_m_1_1	hippocampus	Hippocampus	hippocampus	hippocampus		m	b6n	tissue	#9a3c4f	['brain', 'pgp1_excite_neuron', 'pgp1_astro']	ENCFF428AJY	ENCFF309DMQ	ENCFF894ESP	https://www.encodeproject.org/documents/5a9cb0de-a425-449d-bc65-6316f79e71ce/	'ENCODE Long Read RNA-Seq Analysis Protocolfor Mouse Samples (v.1.1)'	Pacific Biosciences Sequel	9.7	False	1366252
ENCSR214HSG	hippocampus_wt_m_1_2	hippocampus	Hippocampus	hippocampus	hippocampus		m	b6n	tissue	#9a3c4f	['brain', 'pgp1_excite_neuron', 'pgp1_astro']	ENCFF648REP	ENCFF103DSA	ENCFF946NWJ	https://www.encodeproject.org/documents/5a9cb0de-a425-449d-bc65-6316f79e71ce/	'ENCODE Long Read RNA-Seq Analysis Protocolfor Mouse Samples (v.1.1)'	Pacific Biosciences Sequel	9.7	False	1330153
ENCSR404AEI	hippocampus_5x_m_1_1	hippocampus	Hippocampus	hippocampus	hippocampus		m	5xfad	tissue	#9a3c4f	['brain', 'pgp1_excite_neuron', 'pgp1_astro']	ENCFF008ZCM	ENCFF997NDX	ENCFF076JGT	https://www.encodeproject.org/documents/77db752f-abf7-4c93-a460-510464134f52/ , https://www.encodeproject.org/documents/81af563b-5134-4f78-9bc4-41cb42cc6a48/	'PacBio LongRead 2.0', 'ENCODE Long Read RNA-Seq Analysis Protocol for HumanSamples (v3.0)'	Pacific Biosciences Sequel II		True	2928622
ENCSR404AEI	hippocampus_5x_m_1_2	hippocampus	Hippocampus	hippocampus	hippocampus		m	5xfad	tissue	#9a3c4f	['brain', 'pgp1_excite_neuron', 'pgp1_astro']	ENCFF458RBM	ENCFF110OOL	ENCFF292SMA	https://www.encodeproject.org/documents/77db752f-abf7-4c93-a460-510464134f52/ , https://www.encodeproject.org/documents/81af563b-5134-4f78-9bc4-41cb42cc6a48/	'PacBio LongRead 2.0', 'ENCODE Long Read RNA-Seq Analysis Protocol for HumanSamples (v3.0)'	Pacific Biosciences Sequel II		True	2879293
ENCSR146ZFC	hippocampus_14d_f_2	hippocampus_14d	Hippocampus PND14	hippocampus	hippocampus	14d	f	b6/cast	tissue	#e4b2bc	['brain', 'pgp1_excite_neuron', 'pgp1_astro']	ENCFF083NGA	ENCFF809BZD	ENCFF834PLA	https://www.encodeproject.org/documents/bf543ffc-23d0-4f6f-b6a8-d131859259e4/ , https://www.encodeproject.org/documents/3baa46d2-cb88-4608-8877-70596d200489/	'ENCODE Long Read RNA-Seq Analysis Protocol for MouseSamples (v.3.1)', 'PacBio libraries v3 (October, 2020) Protocol to build non-size selected cDNA libraries for Pacific Biosciences long-read sequencing Version 3.0 (October, 2020)'	Pacific Biosciences Sequel II	9.0	True	888704
ENCSR146ZFC	hippocampus_14d_f_1	hippocampus_14d	Hippocampus PND14	hippocampus	hippocampus	14d	f	b6/cast	tissue	#e4b2bc	['brain', 'pgp1_excite_neuron', 'pgp1_astro']	ENCFF176XZM	ENCFF518QIV	ENCFF609FJG	https://www.encodeproject.org/documents/bf543ffc-23d0-4f6f-b6a8-d131859259e4/ , https://www.encodeproject.org/documents/3baa46d2-cb88-4608-8877-70596d200489/	'ENCODE Long Read RNA-Seq Analysis Protocol for MouseSamples (v.3.1)', 'PacBio libraries v3 (October, 2020) Protocol to build non-size selected cDNA libraries for Pacific Biosciences long-read sequencing Version 3.0 (October, 2020)'	Pacific Biosciences Sequel II	9.0	True	1168366
ENCSR026WRM	hippocampus_14d_m_2	hippocampus_14d	Hippocampus PND14	hippocampus	hippocampus	14d	m	b6/cast	tissue	#e4b2bc	['brain', 'pgp1_excite_neuron', 'pgp1_astro']	ENCFF587QKV	ENCFF182ZKL	ENCFF574LQO	https://www.encodeproject.org/documents/bf543ffc-23d0-4f6f-b6a8-d131859259e4/ , https://www.encodeproject.org/documents/3baa46d2-cb88-4608-8877-70596d200489/	'ENCODE Long Read RNA-Seq Analysis Protocol for MouseSamples (v.3.1)', 'PacBio libraries v3 (October, 2020) Protocol to build non-size selected cDNA libraries for Pacific Biosciences long-read sequencing Version 3.0 (October, 2020)'	Pacific Biosciences Sequel II	9.0	True	753385
ENCSR026WRM	hippocampus_14d_m_1	hippocampus_14d	Hippocampus PND14	hippocampus	hippocampus	14d	m	b6/cast	tissue	#e4b2bc	['brain', 'pgp1_excite_neuron', 'pgp1_astro']	ENCFF753VCG	ENCFF402OZL	ENCFF655BWX	https://www.encodeproject.org/documents/bf543ffc-23d0-4f6f-b6a8-d131859259e4/ , https://www.encodeproject.org/documents/3baa46d2-cb88-4608-8877-70596d200489/	'ENCODE Long Read RNA-Seq Analysis Protocol for MouseSamples (v.3.1)', 'PacBio libraries v3 (October, 2020) Protocol to build non-size selected cDNA libraries for Pacific Biosciences long-read sequencing Version 3.0 (October, 2020)'	Pacific Biosciences Sequel II	9.0	True	832263
ENCSR472CHU	hippocampus_18-20mo_f_2	hippocampus_18-20mo	Hippocampus PNM18-20	hippocampus	hippocampus	18-20mo	f	b6/cast	tissue	#c04b63	['brain', 'pgp1_excite_neuron', 'pgp1_astro']	ENCFF201NMX	ENCFF346JYL	ENCFF241SUN	https://www.encodeproject.org/documents/bf543ffc-23d0-4f6f-b6a8-d131859259e4/ , https://www.encodeproject.org/documents/3baa46d2-cb88-4608-8877-70596d200489/	'ENCODE Long Read RNA-Seq Analysis Protocol for MouseSamples (v.3.1)', 'PacBio libraries v3 (October, 2020) Protocol to build non-size selected cDNA libraries for Pacific Biosciences long-read sequencing Version 3.0 (October, 2020)'	Pacific Biosciences Sequel II	9.0	True	884194
ENCSR472CHU	hippocampus_18-20mo_f_1	hippocampus_18-20mo	Hippocampus PNM18-20	hippocampus	hippocampus	18-20mo	f	b6/cast	tissue	#c04b63	['brain', 'pgp1_excite_neuron', 'pgp1_astro']	ENCFF973YHW	ENCFF896RNF	ENCFF309ZQW	https://www.encodeproject.org/documents/bf543ffc-23d0-4f6f-b6a8-d131859259e4/ , https://www.encodeproject.org/documents/3baa46d2-cb88-4608-8877-70596d200489/	'ENCODE Long Read RNA-Seq Analysis Protocol for MouseSamples (v.3.1)', 'PacBio libraries v3 (October, 2020) Protocol to build non-size selected cDNA libraries for Pacific Biosciences long-read sequencing Version 3.0 (October, 2020)'	Pacific Biosciences Sequel II	9.0	True	1145830
ENCSR152PAT	hippocampus_18-20mo_m_2	hippocampus_18-20mo	Hippocampus PNM18-20	hippocampus	hippocampus	18-20mo	m	b6/cast	tissue	#c04b63	['brain', 'pgp1_excite_neuron', 'pgp1_astro']	ENCFF600WNB	ENCFF175BNQ	ENCFF662KKK	https://www.encodeproject.org/documents/bf543ffc-23d0-4f6f-b6a8-d131859259e4/ , https://www.encodeproject.org/documents/3baa46d2-cb88-4608-8877-70596d200489/	'ENCODE Long Read RNA-Seq Analysis Protocol for MouseSamples (v.3.1)', 'PacBio libraries v3 (October, 2020) Protocol to build non-size selected cDNA libraries for Pacific Biosciences long-read sequencing Version 3.0 (October, 2020)'	Pacific Biosciences Sequel II	9.0	True	1089843
ENCSR152PAT	hippocampus_18-20mo_m_1	hippocampus_18-20mo	Hippocampus PNM18-20	hippocampus	hippocampus	18-20mo	m	b6/cast	tissue	#c04b63	['brain', 'pgp1_excite_neuron', 'pgp1_astro']	ENCFF128HJT	ENCFF532MMA	ENCFF064YWB	https://www.encodeproject.org/documents/bf543ffc-23d0-4f6f-b6a8-d131859259e4/ , https://www.encodeproject.org/documents/3baa46d2-cb88-4608-8877-70596d200489/	'ENCODE Long Read RNA-Seq Analysis Protocol for MouseSamples (v.3.1)', 'PacBio libraries v3 (October, 2020) Protocol to build non-size selected cDNA libraries for Pacific Biosciences long-read sequencing Version 3.0 (October, 2020)'	Pacific Biosciences Sequel II	9.0	True	649547
ENCSR909NPF	hippocampus_2mo_f_1	hippocampus_2mo	Hippocampus PNM2	hippocampus	hippocampus	2mo	f	b6/cast	tissue	#c96579	['brain', 'pgp1_excite_neuron', 'pgp1_astro']	ENCFF254PCW	ENCFF223JJA	ENCFF337TQR	https://www.encodeproject.org/documents/bf543ffc-23d0-4f6f-b6a8-d131859259e4/ , https://www.encodeproject.org/documents/3baa46d2-cb88-4608-8877-70596d200489/	'ENCODE Long Read RNA-Seq Analysis Protocol for MouseSamples (v.3.1)', 'PacBio libraries v3 (October, 2020) Protocol to build non-size selected cDNA libraries for Pacific Biosciences long-read sequencing Version 3.0 (October, 2020)'	Pacific Biosciences Sequel II	9.0	True	836240
ENCSR909NPF	hippocampus_2mo_f_2	hippocampus_2mo	Hippocampus PNM2	hippocampus	hippocampus	2mo	f	b6/cast	tissue	#c96579	['brain', 'pgp1_excite_neuron', 'pgp1_astro']	ENCFF212YBY	ENCFF326JTG	ENCFF987ICP	https://www.encodeproject.org/documents/bf543ffc-23d0-4f6f-b6a8-d131859259e4/ , https://www.encodeproject.org/documents/3baa46d2-cb88-4608-8877-70596d200489/	'ENCODE Long Read RNA-Seq Analysis Protocol for MouseSamples (v.3.1)', 'PacBio libraries v3 (October, 2020) Protocol to build non-size selected cDNA libraries for Pacific Biosciences long-read sequencing Version 3.0 (October, 2020)'	Pacific Biosciences Sequel II	9.0	True	752291
ENCSR972DID	hippocampus_2mo_m_1	hippocampus_2mo	Hippocampus PNM2	hippocampus	hippocampus	2mo	m	b6/cast	tissue	#c96579	['brain', 'pgp1_excite_neuron', 'pgp1_astro']	ENCFF572WXI	ENCFF338YTG	ENCFF724GWS	https://www.encodeproject.org/documents/bf543ffc-23d0-4f6f-b6a8-d131859259e4/ , https://www.encodeproject.org/documents/3baa46d2-cb88-4608-8877-70596d200489/	'ENCODE Long Read RNA-Seq Analysis Protocol for MouseSamples (v.3.1)', 'PacBio libraries v3 (October, 2020) Protocol to build non-size selected cDNA libraries for Pacific Biosciences long-read sequencing Version 3.0 (October, 2020)'	Pacific Biosciences Sequel II	9.0	True	1112491
ENCSR972DID	hippocampus_2mo_m_2	hippocampus_2mo	Hippocampus PNM2	hippocampus	hippocampus	2mo	m	b6/cast	tissue	#c96579	['brain', 'pgp1_excite_neuron', 'pgp1_astro']	ENCFF436RSJ	ENCFF509RDZ	ENCFF851TZJ	https://www.encodeproject.org/documents/bf543ffc-23d0-4f6f-b6a8-d131859259e4/ , https://www.encodeproject.org/documents/3baa46d2-cb88-4608-8877-70596d200489/	'ENCODE Long Read RNA-Seq Analysis Protocol for MouseSamples (v.3.1)', 'PacBio libraries v3 (October, 2020) Protocol to build non-size selected cDNA libraries for Pacific Biosciences long-read sequencing Version 3.0 (October, 2020)'	Pacific Biosciences Sequel II	9.0	True	961793
ENCSR038FOD	hippocampus_10d_f_1	hippocampus_10d	Hippocampus PND10	hippocampus	hippocampus	10d	f	b6/cast	tissue	#edccd2	['brain', 'pgp1_excite_neuron', 'pgp1_astro']	ENCFF549GCH	ENCFF330HVI	ENCFF111EHE	https://www.encodeproject.org/documents/bf543ffc-23d0-4f6f-b6a8-d131859259e4/,https://www.encodeproject.org/documents/3baa46d2-cb88-4608-8877-70596d200489/	'ENCODE Long Read RNA-Seq Analysis Protocol for MouseSamples (v.3.1)', 'PacBio libraries v3 (October, 2020) Protocol to build non-size selected cDNA libraries for Pacific Biosciences long-read sequencing Version 3.0 (October, 2020)'	Pacific Biosciences Sequel II	9.0	True	1054854
