ENCODE_experiment_id	dataset	sample	sample_display	general_tissue_cell_type	fig1_tissue_label	health_status	tissue_or_cell_line	sample_color_hex_code	matching_mouse_samples	ENCODE_alignments_id	ENCODE_reads_id	ENCODE_unfiltered_alignments_id	document_urls	document_labels	platform	RIN	spikeins	reads_post_talon	matching_gtex	spikein_reference	spikein_name
ENCSR989ZYL	a673_1_1	a673	A673	a673	bone		cell_line	#de3700		ENCFF045ZQI	ENCFF168MIB	ENCFF440LXJ	https://www.encodeproject.org/documents/6d583a1d-d692-4511-b13b-c051822d861c/ , https://www.encodeproject.org/documents/3baa46d2-cb88-4608-8877-70596d200489/	'ENCODE Long Read RNA-Seq Analysis Protocol for Human Samples (v3.2)', 'PacBio libraries v3 (October, 2020) Protocol to build non-size selected cDNA libraries for Pacific Biosciences long-read sequencing Version 3.0 (October, 2020)'	Pacific Biosciences Sequel II	9.8	True	1330194	False	ENCSR156CIL,ENCSR759PLA	ERCC,SIRV4
ENCSR989ZYL	a673_1_2	a673	A673	a673	bone		cell_line	#de3700		ENCFF320GCF	ENCFF861BKY	ENCFF240FZT	https://www.encodeproject.org/documents/6d583a1d-d692-4511-b13b-c051822d861c/ , https://www.encodeproject.org/documents/3baa46d2-cb88-4608-8877-70596d200489/	'ENCODE Long Read RNA-Seq Analysis Protocol for Human Samples (v3.2)', 'PacBio libraries v3 (October, 2020) Protocol to build non-size selected cDNA libraries for Pacific Biosciences long-read sequencing Version 3.0 (October, 2020)'	Pacific Biosciences Sequel II	9.8	True	1707207	False	ENCSR156CIL,ENCSR759PLA	ERCC,SIRV4
ENCSR081NRO	adrenal_gland_1_1	adrenal_gland	Adrenal gland	adrenal gland	adrenal gland		tissue	#e69b00	adrenal_gland,adrenal_10d,adrenal_14d,adrenal_18-20mo,adrenal_25d,adrenal_2mo,adrenal_36d,adrenal_4d	ENCFF147OYL	ENCFF211SQY	ENCFF967OHL	https://www.encodeproject.org/documents/54012fc3-644e-49af-97e4-888226753fd9/ , https://www.encodeproject.org/documents/77db752f-abf7-4c93-a460-510464134f52/	'non-size selected cDNA libraries for use in PacBio sequencing v1', 'PacBio LongRead 2.0'	Pacific Biosciences Sequel	9.8	False	765655	False		
ENCSR563RLX	adrenal_gland_2_1	adrenal_gland	Adrenal gland	adrenal gland	adrenal gland		tissue	#e69b00	adrenal_gland,adrenal_10d,adrenal_14d,adrenal_18-20mo,adrenal_25d,adrenal_2mo,adrenal_36d,adrenal_4d	ENCFF791WUV	ENCFF417ALN	ENCFF900XHI	https://www.encodeproject.org/documents/3baa46d2-cb88-4608-8877-70596d200489/ , https://www.encodeproject.org/documents/c4b8952c-d9f1-42e7-8ea5-54659d14f46b/ , https://www.encodeproject.org/documents/81af563b-5134-4f78-9bc4-41cb42cc6a48/	'PacBio libraries v3 (October, 2020) Protocol to build non-size selected cDNA libraries for Pacific Biosciences long-read sequencing Version 3.0 (October, 2020)', 'Human Flash Frozen', 'ENCODE Long Read RNA-Seq Analysis Protocol for HumanSamples (v3.0)'	Pacific Biosciences Sequel II		True	1579294	False	ENCSR759PLA,ENCSR156CIL	SIRV4,ERCC
ENCSR995WKW	adrenal_gland_3_1	adrenal_gland	Adrenal gland	adrenal gland	adrenal gland		tissue	#e69b00	adrenal_gland,adrenal_10d,adrenal_14d,adrenal_18-20mo,adrenal_25d,adrenal_2mo,adrenal_36d,adrenal_4d	ENCFF243PFI	ENCFF912HPY	ENCFF020MWV	https://www.encodeproject.org/documents/54012fc3-644e-49af-97e4-888226753fd9/ , https://www.encodeproject.org/documents/77db752f-abf7-4c93-a460-510464134f52/	'non-size selected cDNA libraries for use in PacBio sequencing v1', 'PacBio LongRead 2.0'	Pacific Biosciences Sequel	9.4	False	577077	False		
ENCSR425HFS	aorta_1_1	vessels	Vessels	vessels	vessels		tissue	#e48171		ENCFF745HHL	ENCFF902BIU	ENCFF999NQY	https://www.encodeproject.org/documents/0a54a6da-ddb4-44bd-af95-2cd02754aa93/ , https://www.encodeproject.org/documents/77db752f-abf7-4c93-a460-510464134f52/	'ENCODE Long Read RNA-Seq Analysis Protocol for Human Samples (v3.1)', 'PacBio LongRead 2.0'	Pacific Biosciences Sequel II		True	1934703	False	ENCSR089MWE,ENCSR156CIL	SIRV,ERCC
ENCSR700EBI	aorta_2_1	vessels	Vessels	vessels	vessels		tissue	#e48171		ENCFF099TJN	ENCFF144KHH	ENCFF266NIM	https://www.encodeproject.org/documents/c4b8952c-d9f1-42e7-8ea5-54659d14f46b/ , https://www.encodeproject.org/documents/77db752f-abf7-4c93-a460-510464134f52/ , https://www.encodeproject.org/documents/81af563b-5134-4f78-9bc4-41cb42cc6a48/	'Human Flash Frozen', 'PacBio LongRead 2.0', 'ENCODE Long Read RNA-Seq Analysis Protocol for HumanSamples (v3.0)'	Pacific Biosciences Sequel II		True	945858	False	ENCSR089MWE,ENCSR156CIL	SIRV,ERCC
ENCSR094NFM	brodmann_area_46_1_1	brain	Brain	cortex	brain	healthy	tissue	#b0799a	cortex,cortex_14d,cortex_18-20mo,cortex_2mo,hippocampus,hippocampus_14d,hippocampus_18-20mo,hippocampus_2mo	ENCFF773RAW	ENCFF260AWP	ENCFF568SDQ	https://www.encodeproject.org/documents/6d583a1d-d692-4511-b13b-c051822d861c/ , https://www.encodeproject.org/documents/dcd089f6-fc01-4afa-8769-ed5e0a1b0db3/ , https://www.encodeproject.org/documents/3baa46d2-cb88-4608-8877-70596d200489/	'ENCODE Long Read RNA-Seq Analysis Protocol for Human Samples (v3.2)', 'High resolution pathology image', 'PacBio libraries v3 (October, 2020) Protocol to build non-size selected cDNA libraries for Pacific Biosciences long-read sequencing Version 3.0 (October, 2020)'	Pacific Biosciences Sequel II	7.7	True	562346	True	ENCSR759PLA,ENCSR156CIL	SIRV4,ERCC
ENCSR169YNI	brodmann_area_46_2_1	brain	Brain	cortex	brain	healthy	tissue	#b0799a	cortex,cortex_14d,cortex_18-20mo,cortex_2mo,hippocampus,hippocampus_14d,hippocampus_18-20mo,hippocampus_2mo	ENCFF114VSO	ENCFF827DUW	ENCFF753EDC	https://www.encodeproject.org/documents/6d583a1d-d692-4511-b13b-c051822d861c/ , https://www.encodeproject.org/documents/3baa46d2-cb88-4608-8877-70596d200489/ , https://www.encodeproject.org/documents/d3cf9d5c-c299-465d-a159-d5ab91467f7b/	'ENCODE Long Read RNA-Seq Analysis Protocol for Human Samples (v3.2)', 'PacBio libraries v3 (October, 2020) Protocol to build non-size selected cDNA libraries for Pacific Biosciences long-read sequencing Version 3.0 (October, 2020)', 'High resolution pathology image'	Pacific Biosciences Sequel II	6.8	True	1726437	True	ENCSR759PLA,ENCSR156CIL	SIRV4,ERCC
ENCSR205QMF	brodmann_area_46_3_1	brain	Brain	cortex	brain	healthy	tissue	#b0799a	cortex,cortex_14d,cortex_18-20mo,cortex_2mo,hippocampus,hippocampus_14d,hippocampus_18-20mo,hippocampus_2mo	ENCFF279ABL	ENCFF206TQZ	ENCFF706EMQ	https://www.encodeproject.org/documents/6d583a1d-d692-4511-b13b-c051822d861c/ , https://www.encodeproject.org/documents/3baa46d2-cb88-4608-8877-70596d200489/ , https://www.encodeproject.org/documents/ecd67559-64eb-4f1e-99ea-48309e99c3da/	'ENCODE Long Read RNA-Seq Analysis Protocol for Human Samples (v3.2)', 'PacBio libraries v3 (October, 2020) Protocol to build non-size selected cDNA libraries for Pacific Biosciences long-read sequencing Version 3.0 (October, 2020)', 'High resolution pathology image'	Pacific Biosciences Sequel II	7.4	True	1002116	True	ENCSR759PLA,ENCSR156CIL	SIRV4,ERCC
ENCSR257YUB	brodmann_area_46_4_1	brain_ad	AD Brain	cortex	brain	AD	tissue	#f2b8e4	cortex,cortex_14d,cortex_18-20mo,cortex_2mo,hippocampus,hippocampus_14d,hippocampus_18-20mo,hippocampus_2mo	ENCFF877QJZ	ENCFF311CZO	ENCFF646VGI	https://www.encodeproject.org/documents/e90eb56a-f890-4795-a0cc-7c14080ce557/ , https://www.encodeproject.org/documents/6d583a1d-d692-4511-b13b-c051822d861c/ , https://www.encodeproject.org/documents/3baa46d2-cb88-4608-8877-70596d200489/	'High resolution pathology image', 'ENCODE Long Read RNA-Seq Analysis Protocol for Human Samples (v3.2)', 'PacBio libraries v3 (October, 2020) Protocol to build non-size selected cDNA libraries for Pacific Biosciences long-read sequencing Version 3.0 (October, 2020)'	Pacific Biosciences Sequel II	7.2	True	2658856	True	ENCSR759PLA,ENCSR156CIL	SIRV4,ERCC
ENCSR316ZTD	brodmann_area_46_5_1	brain_ad	AD Brain	cortex	brain	AD	tissue	#f2b8e4	cortex,cortex_14d,cortex_18-20mo,cortex_2mo,hippocampus,hippocampus_14d,hippocampus_18-20mo,hippocampus_2mo	ENCFF564ONS	ENCFF446EFU	ENCFF983ETQ	https://www.encodeproject.org/documents/6d583a1d-d692-4511-b13b-c051822d861c/ , https://www.encodeproject.org/documents/3baa46d2-cb88-4608-8877-70596d200489/ , https://www.encodeproject.org/documents/e7fcb862-1047-4990-a975-fcb3d71528f2/	'ENCODE Long Read RNA-Seq Analysis Protocol for Human Samples (v3.2)', 'PacBio libraries v3 (October, 2020) Protocol to build non-size selected cDNA libraries for Pacific Biosciences long-read sequencing Version 3.0 (October, 2020)', 'High resolution pathology image'	Pacific Biosciences Sequel II	7.4	True	2538322	True	ENCSR759PLA,ENCSR156CIL	SIRV4,ERCC
ENCSR462COR	brodmann_area_46_6_1	brain_ad	AD Brain	cortex	brain	AD	tissue	#f2b8e4	cortex,cortex_14d,cortex_18-20mo,cortex_2mo,hippocampus,hippocampus_14d,hippocampus_18-20mo,hippocampus_2mo	ENCFF678TEN	ENCFF708BOP	ENCFF565SOM	https://www.encodeproject.org/documents/6d583a1d-d692-4511-b13b-c051822d861c/ , https://www.encodeproject.org/documents/3baa46d2-cb88-4608-8877-70596d200489/ , https://www.encodeproject.org/documents/b556e2c0-6d3e-40d0-8d7f-37bdc59a3134/	'ENCODE Long Read RNA-Seq Analysis Protocol for Human Samples (v3.2)', 'PacBio libraries v3 (October, 2020) Protocol to build non-size selected cDNA libraries for Pacific Biosciences long-read sequencing Version 3.0 (October, 2020)', 'High resolution pathology image'	Pacific Biosciences Sequel II	7.3	True	2890438	True	ENCSR759PLA,ENCSR156CIL	SIRV4,ERCC
ENCSR463IDK	brodmann_area_46_7_1	brain	Brain	cortex	brain	healthy	tissue	#b0799a	cortex,cortex_14d,cortex_18-20mo,cortex_2mo,hippocampus,hippocampus_14d,hippocampus_18-20mo,hippocampus_2mo	ENCFF222UTL	ENCFF838DFB	ENCFF512RTX	https://www.encodeproject.org/documents/6d583a1d-d692-4511-b13b-c051822d861c/ , https://www.encodeproject.org/documents/d4da5f7c-d3f4-4e28-97b0-d901a4562ee2/ , https://www.encodeproject.org/documents/3baa46d2-cb88-4608-8877-70596d200489/	'ENCODE Long Read RNA-Seq Analysis Protocol for Human Samples (v3.2)', 'High resolution pathology image', 'PacBio libraries v3 (October, 2020) Protocol to build non-size selected cDNA libraries for Pacific Biosciences long-read sequencing Version 3.0 (October, 2020)'	Pacific Biosciences Sequel II	7.6	True	2066432	True	ENCSR759PLA,ENCSR156CIL	SIRV4,ERCC
ENCSR690QHM	brodmann_area_46_8_1	brain_ad	AD Brain	cortex	brain	AD	tissue	#f2b8e4	cortex,cortex_14d,cortex_18-20mo,cortex_2mo,hippocampus,hippocampus_14d,hippocampus_18-20mo,hippocampus_2mo	ENCFF378STM	ENCFF785KVJ	ENCFF070TEQ	https://www.encodeproject.org/documents/6d583a1d-d692-4511-b13b-c051822d861c/ , https://www.encodeproject.org/documents/3baa46d2-cb88-4608-8877-70596d200489/ , https://www.encodeproject.org/documents/22a7ff37-9393-4019-a4b7-a356bc8036a4/	'ENCODE Long Read RNA-Seq Analysis Protocol for Human Samples (v3.2)', 'PacBio libraries v3 (October, 2020) Protocol to build non-size selected cDNA libraries for Pacific Biosciences long-read sequencing Version 3.0 (October, 2020)', 'High resolution pathology image'	Pacific Biosciences Sequel II	7.9	True	2243462	True	ENCSR759PLA,ENCSR156CIL	SIRV4,ERCC
ENCSR697ASE	brodmann_area_46_9_1	brain_ad	AD Brain	cortex	brain	AD	tissue	#f2b8e4	cortex,cortex_14d,cortex_18-20mo,cortex_2mo,hippocampus,hippocampus_14d,hippocampus_18-20mo,hippocampus_2mo	ENCFF406GQU	ENCFF156TTD	ENCFF963DJZ	https://www.encodeproject.org/documents/6d583a1d-d692-4511-b13b-c051822d861c/ , https://www.encodeproject.org/documents/3baa46d2-cb88-4608-8877-70596d200489/ , https://www.encodeproject.org/documents/303304f2-2bb7-4ca9-9a6e-3a41989d7ed6/	'ENCODE Long Read RNA-Seq Analysis Protocol for Human Samples (v3.2)', 'PacBio libraries v3 (October, 2020) Protocol to build non-size selected cDNA libraries for Pacific Biosciences long-read sequencing Version 3.0 (October, 2020)', 'High resolution pathology image'	Pacific Biosciences Sequel II	7.7	True	2772400	True	ENCSR759PLA,ENCSR156CIL	SIRV4,ERCC
ENCSR580IDG	caco2_1_1	caco2	Caco2	caco2	colon		cell_line	#ff9000		ENCFF835KGV	ENCFF827OXR	ENCFF155MSE	https://www.encodeproject.org/documents/6d583a1d-d692-4511-b13b-c051822d861c/ , https://www.encodeproject.org/documents/3baa46d2-cb88-4608-8877-70596d200489/	'ENCODE Long Read RNA-Seq Analysis Protocol for Human Samples (v3.2)', 'PacBio libraries v3 (October, 2020) Protocol to build non-size selected cDNA libraries for Pacific Biosciences long-read sequencing Version 3.0 (October, 2020)'	Pacific Biosciences Sequel II	9.7	True	1668485	False	ENCSR156CIL,ENCSR759PLA	ERCC,SIRV4
ENCSR580IDG	caco2_1_2	caco2	Caco2	caco2	colon		cell_line	#ff9000		ENCFF899RYN	ENCFF649CYY	ENCFF821XDE	https://www.encodeproject.org/documents/6d583a1d-d692-4511-b13b-c051822d861c/ , https://www.encodeproject.org/documents/3baa46d2-cb88-4608-8877-70596d200489/	'ENCODE Long Read RNA-Seq Analysis Protocol for Human Samples (v3.2)', 'PacBio libraries v3 (October, 2020) Protocol to build non-size selected cDNA libraries for Pacific Biosciences long-read sequencing Version 3.0 (October, 2020)'	Pacific Biosciences Sequel II	9.7	True	1396844	False	ENCSR156CIL,ENCSR759PLA	ERCC,SIRV4
ENCSR583KCB	calu3_1_1	calu3	Calu-3	calu3	lung		cell_line	#009801		ENCFF563QXX	ENCFF569KOA	ENCFF933RHX	https://www.encodeproject.org/documents/6d583a1d-d692-4511-b13b-c051822d861c/ , https://www.encodeproject.org/documents/3baa46d2-cb88-4608-8877-70596d200489/	'ENCODE Long Read RNA-Seq Analysis Protocol for Human Samples (v3.2)', 'PacBio libraries v3 (October, 2020) Protocol to build non-size selected cDNA libraries for Pacific Biosciences long-read sequencing Version 3.0 (October, 2020)'	Pacific Biosciences Sequel II	9.4	True	1684340	False	ENCSR156CIL,ENCSR759PLA	ERCC,SIRV4
ENCSR583KCB	calu3_1_2	calu3	Calu-3	calu3	lung		cell_line	#009801		ENCFF395SXY	ENCFF548JGS	ENCFF129OLY	https://www.encodeproject.org/documents/6d583a1d-d692-4511-b13b-c051822d861c/ , https://www.encodeproject.org/documents/3baa46d2-cb88-4608-8877-70596d200489/	'ENCODE Long Read RNA-Seq Analysis Protocol for Human Samples (v3.2)', 'PacBio libraries v3 (October, 2020) Protocol to build non-size selected cDNA libraries for Pacific Biosciences long-read sequencing Version 3.0 (October, 2020)'	Pacific Biosciences Sequel II	9.4	True	1665742	False	ENCSR156CIL,ENCSR759PLA	ERCC,SIRV4
ENCSR549ELD	cardiac_septum_1_1	heart	Heart	heart	heart		tissue	#bf3729	heart_14d,heart_18-20mo,heart_2mo	ENCFF626QRV	ENCFF680XXE	ENCFF516YCH	https://www.encodeproject.org/documents/77db752f-abf7-4c93-a460-510464134f52/ , https://www.encodeproject.org/documents/81af563b-5134-4f78-9bc4-41cb42cc6a48/	'PacBio LongRead 2.0', 'ENCODE Long Read RNA-Seq Analysis Protocol for HumanSamples (v3.0)'	Pacific Biosciences Sequel II		True	1463725	True	ENCSR089MWE,ENCSR156CIL	SIRV,ERCC
ENCSR706ANY	gm12878_1_1	gm12878	GM12878	gm12878	blood		cell_line	#0798c8		ENCFF596ODX	ENCFF475ORL	ENCFF234YIJ	https://www.encodeproject.org/documents/fc272a30-b9a5-4652-b255-424b61d4587b/ , https://www.encodeproject.org/documents/7ec9d66a-3b7e-4183-8677-e1df14770b44/	'ENCODE PacBio Iso-seq Analysis Protocol (v.1.0)', 'ENCODE Long Read RNA-Seq Analysis Protocol for Human Samples (v.1.0)'	Pacific Biosciences Sequel		False	715140	False		
ENCSR706ANY	gm12878_1_2	gm12878	GM12878	gm12878	blood		cell_line	#0798c8		ENCFF192PJS	ENCFF281TNJ	ENCFF132HLS	https://www.encodeproject.org/documents/fc272a30-b9a5-4652-b255-424b61d4587b/ , https://www.encodeproject.org/documents/7ec9d66a-3b7e-4183-8677-e1df14770b44/	'ENCODE PacBio Iso-seq Analysis Protocol (v.1.0)', 'ENCODE Long Read RNA-Seq Analysis Protocol for Human Samples (v.1.0)'	Pacific Biosciences Sequel		False	605674	False		
ENCSR706ANY	gm12878_1_3	gm12878	GM12878	gm12878	blood		cell_line	#0798c8		ENCFF694CBG	ENCFF329AYV	ENCFF810UWA	https://www.encodeproject.org/documents/fc272a30-b9a5-4652-b255-424b61d4587b/ , https://www.encodeproject.org/documents/7ec9d66a-3b7e-4183-8677-e1df14770b44/	'ENCODE PacBio Iso-seq Analysis Protocol (v.1.0)', 'ENCODE Long Read RNA-Seq Analysis Protocol for Human Samples (v.1.0)'	Pacific Biosciences Sequel		False	537713	False		
ENCSR706ANY	gm12878_1_4	gm12878	GM12878	gm12878	blood		cell_line	#0798c8		ENCFF538BNH	ENCFF902UIT	ENCFF615XZM	https://www.encodeproject.org/documents/fc272a30-b9a5-4652-b255-424b61d4587b/ , https://www.encodeproject.org/documents/7ec9d66a-3b7e-4183-8677-e1df14770b44/	'ENCODE PacBio Iso-seq Analysis Protocol (v.1.0)', 'ENCODE Long Read RNA-Seq Analysis Protocol for Human Samples (v.1.0)'	Pacific Biosciences Sequel		False	656794	False		
ENCSR838WFC	gm12878_2_1	gm12878	GM12878	gm12878	blood		cell_line	#0798c8		ENCFF648NAR	ENCFF450VAU	ENCFF407TMX	https://www.encodeproject.org/documents/77db752f-abf7-4c93-a460-510464134f52/ , https://www.encodeproject.org/documents/81af563b-5134-4f78-9bc4-41cb42cc6a48/	'PacBio LongRead 2.0', 'ENCODE Long Read RNA-Seq Analysis Protocol for HumanSamples (v3.0)'	Pacific Biosciences Sequel II		True	2026295	False	ENCSR089MWE,ENCSR156CIL	SIRV,ERCC
ENCSR838WFC	gm12878_2_2	gm12878	GM12878	gm12878	blood		cell_line	#0798c8		ENCFF225CCJ	ENCFF694DIE	ENCFF592BQN	https://www.encodeproject.org/documents/77db752f-abf7-4c93-a460-510464134f52/ , https://www.encodeproject.org/documents/81af563b-5134-4f78-9bc4-41cb42cc6a48/	'PacBio LongRead 2.0', 'ENCODE Long Read RNA-Seq Analysis Protocol for HumanSamples (v3.0)'	Pacific Biosciences Sequel II		True	2428259	False	ENCSR089MWE,ENCSR156CIL	SIRV,ERCC
ENCSR962BVU	gm12878_3_1	gm12878	GM12878	gm12878	blood		cell_line	#0798c8		ENCFF219UJG	ENCFF417VHJ	ENCFF277NCZ	https://www.encodeproject.org/documents/0a54a6da-ddb4-44bd-af95-2cd02754aa93/ , https://www.encodeproject.org/documents/3baa46d2-cb88-4608-8877-70596d200489/	'ENCODE Long Read RNA-Seq Analysis Protocol for Human Samples (v3.1)', 'PacBio libraries v3 (October, 2020) Protocol to build non-size selected cDNA libraries for Pacific Biosciences long-read sequencing Version 3.0 (October, 2020)'	Pacific Biosciences Sequel II	10.0	True	1487483	False	ENCSR089MWE,ENCSR156CIL	SIRV,ERCC
ENCSR271KEJ	h1_1_1	h1	H1	ES	dish		cell_line	#E76624	f1219	ENCFF213XDA	ENCFF853OFP	ENCFF510OTC	https://www.encodeproject.org/documents/81af563b-5134-4f78-9bc4-41cb42cc6a48/ , https://www.encodeproject.org/documents/e909542d-44c0-4bee-9aac-4d41a0b768db/ , https://www.encodeproject.org/documents/53196858-d826-458a-8232-22e4b7c2d653/	'ENCODE Long Read RNA-Seq Analysis Protocol for HumanSamples (v3.0)', 'Protocol to add 5’ cap structures to exogenous synthetic RNA references (spike-ins) 1.0', 'Long read cDNA prep with Maxima H'	Pacific Biosciences Sequel II		True	608009	False	ENCSR156CIL,ENCSR759PLA	ERCC,SIRV4
ENCSR271KEJ	h1_1_2	h1	H1	ES	dish		cell_line	#E76624	f1219	ENCFF281VKZ	ENCFF400BQQ	ENCFF410FON	https://www.encodeproject.org/documents/81af563b-5134-4f78-9bc4-41cb42cc6a48/ , https://www.encodeproject.org/documents/e909542d-44c0-4bee-9aac-4d41a0b768db/ , https://www.encodeproject.org/documents/53196858-d826-458a-8232-22e4b7c2d653/	'ENCODE Long Read RNA-Seq Analysis Protocol for HumanSamples (v3.0)', 'Protocol to add 5’ cap structures to exogenous synthetic RNA references (spike-ins) 1.0', 'Long read cDNA prep with Maxima H'	Pacific Biosciences Sequel II		True	217660	False	ENCSR156CIL,ENCSR759PLA	ERCC,SIRV4
ENCSR271KEJ	h1_1_3	h1	H1	ES	dish		cell_line	#E76624	f1219	ENCFF250BDM	ENCFF436GKZ	ENCFF657BYH	https://www.encodeproject.org/documents/81af563b-5134-4f78-9bc4-41cb42cc6a48/ , https://www.encodeproject.org/documents/e909542d-44c0-4bee-9aac-4d41a0b768db/ , https://www.encodeproject.org/documents/53196858-d826-458a-8232-22e4b7c2d653/	'ENCODE Long Read RNA-Seq Analysis Protocol for HumanSamples (v3.0)', 'Protocol to add 5’ cap structures to exogenous synthetic RNA references (spike-ins) 1.0', 'Long read cDNA prep with Maxima H'	Pacific Biosciences Sequel II		True	1148162	False	ENCSR156CIL,ENCSR759PLA	ERCC,SIRV4
ENCSR127HKN	h1_de_1_1	h1_de	H1-derived definitive endoderm	DE	dish		cell_line	#C8403D		ENCFF168AZV	ENCFF731HST	ENCFF438WZJ	https://www.encodeproject.org/documents/81af563b-5134-4f78-9bc4-41cb42cc6a48/ , https://www.encodeproject.org/documents/e909542d-44c0-4bee-9aac-4d41a0b768db/ , https://www.encodeproject.org/documents/53196858-d826-458a-8232-22e4b7c2d653/	'ENCODE Long Read RNA-Seq Analysis Protocol for HumanSamples (v3.0)', 'Protocol to add 5’ cap structures to exogenous synthetic RNA references (spike-ins) 1.0', 'Long read cDNA prep with Maxima H'	Pacific Biosciences Sequel II		True	1070530	False	ENCSR156CIL,ENCSR759PLA	ERCC,SIRV4
ENCSR127HKN	h1_de_1_2	h1_de	H1-derived definitive endoderm	DE	dish		cell_line	#C8403D		ENCFF362CPC	ENCFF712CBL	ENCFF334KYW	https://www.encodeproject.org/documents/81af563b-5134-4f78-9bc4-41cb42cc6a48/ , https://www.encodeproject.org/documents/e909542d-44c0-4bee-9aac-4d41a0b768db/ , https://www.encodeproject.org/documents/53196858-d826-458a-8232-22e4b7c2d653/	'ENCODE Long Read RNA-Seq Analysis Protocol for HumanSamples (v3.0)', 'Protocol to add 5’ cap structures to exogenous synthetic RNA references (spike-ins) 1.0', 'Long read cDNA prep with Maxima H'	Pacific Biosciences Sequel II		True	1366812	False	ENCSR156CIL,ENCSR759PLA	ERCC,SIRV4
ENCSR127HKN	h1_de_1_3	h1_de	H1-derived definitive endoderm	DE	dish		cell_line	#C8403D		ENCFF940WVU	ENCFF235QXW	ENCFF874IIX	https://www.encodeproject.org/documents/81af563b-5134-4f78-9bc4-41cb42cc6a48/ , https://www.encodeproject.org/documents/e909542d-44c0-4bee-9aac-4d41a0b768db/ , https://www.encodeproject.org/documents/53196858-d826-458a-8232-22e4b7c2d653/	'ENCODE Long Read RNA-Seq Analysis Protocol for HumanSamples (v3.0)', 'Protocol to add 5’ cap structures to exogenous synthetic RNA references (spike-ins) 1.0', 'Long read cDNA prep with Maxima H'	Pacific Biosciences Sequel II		True	1329159	False	ENCSR156CIL,ENCSR759PLA	ERCC,SIRV4
ENCSR044ARQ	h9_1_1	h9	H9	ES	dish		cell_line	#9e4013		ENCFF292UIE	ENCFF688QGB	ENCFF193ZRQ	https://www.encodeproject.org/documents/77db752f-abf7-4c93-a460-510464134f52/ , https://www.encodeproject.org/documents/81af563b-5134-4f78-9bc4-41cb42cc6a48/	'PacBio LongRead 2.0', 'ENCODE Long Read RNA-Seq Analysis Protocol for HumanSamples (v3.0)'	Pacific Biosciences Sequel II		True	3190785	False	ENCSR089MWE,ENCSR156CIL	SIRV,ERCC
ENCSR044ARQ	h9_1_2	h9	H9	ES	dish		cell_line	#9e4013		ENCFF738RAA	ENCFF272VSN	ENCFF455IAW	https://www.encodeproject.org/documents/77db752f-abf7-4c93-a460-510464134f52/ , https://www.encodeproject.org/documents/81af563b-5134-4f78-9bc4-41cb42cc6a48/	'PacBio LongRead 2.0', 'ENCODE Long Read RNA-Seq Analysis Protocol for HumanSamples (v3.0)'	Pacific Biosciences Sequel II		True	2743994	False	ENCSR089MWE,ENCSR156CIL	SIRV,ERCC
ENCSR470HYQ	h9_chondro_1_1	h9_chondro	H9-derived chondrocytes	Chondrocyte	cartilage		cell_line	#811e18		ENCFF439BVT	ENCFF011BFA	ENCFF295ZPV	https://www.encodeproject.org/documents/3baa46d2-cb88-4608-8877-70596d200489/ , https://www.encodeproject.org/documents/81af563b-5134-4f78-9bc4-41cb42cc6a48/	'PacBio libraries v3 (October, 2020) Protocol to build non-size selected cDNA libraries for Pacific Biosciences long-read sequencing Version 3.0 (October, 2020)', 'ENCODE Long Read RNA-Seq Analysis Protocol for HumanSamples (v3.0)'	Pacific Biosciences Sequel II		True	1552738	False	ENCSR759PLA,ENCSR156CIL	SIRV4,ERCC
ENCSR470HYQ	h9_chondro_1_2	h9_chondro	H9-derived chondrocytes	Chondrocyte	cartilage		cell_line	#811e18		ENCFF545CXA	ENCFF352CGL	ENCFF554PGV	https://www.encodeproject.org/documents/3baa46d2-cb88-4608-8877-70596d200489/ , https://www.encodeproject.org/documents/81af563b-5134-4f78-9bc4-41cb42cc6a48/	'PacBio libraries v3 (October, 2020) Protocol to build non-size selected cDNA libraries for Pacific Biosciences long-read sequencing Version 3.0 (October, 2020)', 'ENCODE Long Read RNA-Seq Analysis Protocol for HumanSamples (v3.0)'	Pacific Biosciences Sequel II		True	887837	False	ENCSR759PLA,ENCSR156CIL	SIRV4,ERCC
ENCSR470HYQ	h9_chondro_1_3	h9_chondro	H9-derived chondrocytes	Chondrocyte	cartilage		cell_line	#811e18		ENCFF469ATL	ENCFF342HOS	ENCFF591RTN	https://www.encodeproject.org/documents/3baa46d2-cb88-4608-8877-70596d200489/ , https://www.encodeproject.org/documents/81af563b-5134-4f78-9bc4-41cb42cc6a48/	'PacBio libraries v3 (October, 2020) Protocol to build non-size selected cDNA libraries for Pacific Biosciences long-read sequencing Version 3.0 (October, 2020)', 'ENCODE Long Read RNA-Seq Analysis Protocol for HumanSamples (v3.0)'	Pacific Biosciences Sequel II		True	1301572	False	ENCSR759PLA,ENCSR156CIL	SIRV4,ERCC
ENCSR904KAT	h9_de_1_1	h9_de	H9-derived definitive endoderm	DE	dish		cell_line	#b04948		ENCFF936VUF	ENCFF142LPL	ENCFF170KET	https://www.encodeproject.org/documents/77db752f-abf7-4c93-a460-510464134f52/ , https://www.encodeproject.org/documents/81af563b-5134-4f78-9bc4-41cb42cc6a48/	'PacBio LongRead 2.0', 'ENCODE Long Read RNA-Seq Analysis Protocol for HumanSamples (v3.0)'	Pacific Biosciences Sequel II		True	2459464	False	ENCSR089MWE,ENCSR156CIL	SIRV,ERCC
ENCSR904KAT	h9_de_1_2	h9_de	H9-derived definitive endoderm	DE	dish		cell_line	#b04948		ENCFF939EUU	ENCFF561HIY	ENCFF381WCH	https://www.encodeproject.org/documents/77db752f-abf7-4c93-a460-510464134f52/ , https://www.encodeproject.org/documents/81af563b-5134-4f78-9bc4-41cb42cc6a48/	'PacBio LongRead 2.0', 'ENCODE Long Read RNA-Seq Analysis Protocol for HumanSamples (v3.0)'	Pacific Biosciences Sequel II		True	2333663	False	ENCSR089MWE,ENCSR156CIL	SIRV,ERCC
ENCSR056MYH	h9_neural_crest_1_1	h9_neural_crest	H9-derived neural crest	Neural_Crest	dish		cell_line	#1a472a		ENCFF319JFG	ENCFF026VEI	ENCFF858LGV	https://www.encodeproject.org/documents/77db752f-abf7-4c93-a460-510464134f52/ , https://www.encodeproject.org/documents/81af563b-5134-4f78-9bc4-41cb42cc6a48/	'PacBio LongRead 2.0', 'ENCODE Long Read RNA-Seq Analysis Protocol for HumanSamples (v3.0)'	Pacific Biosciences Sequel II		True	865088	False	ENCSR089MWE,ENCSR156CIL	SIRV,ERCC
ENCSR056MYH	h9_neural_crest_1_2	h9_neural_crest	H9-derived neural crest	Neural_Crest	dish		cell_line	#1a472a		ENCFF901XCR	ENCFF249GFH	ENCFF322UOY	https://www.encodeproject.org/documents/77db752f-abf7-4c93-a460-510464134f52/ , https://www.encodeproject.org/documents/81af563b-5134-4f78-9bc4-41cb42cc6a48/	'PacBio LongRead 2.0', 'ENCODE Long Read RNA-Seq Analysis Protocol for HumanSamples (v3.0)'	Pacific Biosciences Sequel II		True	1137068	False	ENCSR089MWE,ENCSR156CIL	SIRV,ERCC
ENCSR296PQZ	h9_osteocyte_1_1	h9_osteocyte	H9-derived osteocytes	Osteocyte	bone		cell_line	#f5f5dc	forelimb_e11,forelimb_e13	ENCFF925MYC	ENCFF556DYU	ENCFF660BPA	https://www.encodeproject.org/documents/0a54a6da-ddb4-44bd-af95-2cd02754aa93/ , https://www.encodeproject.org/documents/77db752f-abf7-4c93-a460-510464134f52/	'ENCODE Long Read RNA-Seq Analysis Protocol for Human Samples (v3.1)', 'PacBio LongRead 2.0'	Pacific Biosciences Sequel II		True	2027523	False	ENCSR089MWE,ENCSR156CIL	SIRV,ERCC
ENCSR296PQZ	h9_osteocyte_1_2	h9_osteocyte	H9-derived osteocytes	Osteocyte	bone		cell_line	#f5f5dc	forelimb_e11,forelimb_e13	ENCFF558QPF	ENCFF560XTG	ENCFF655UCV	https://www.encodeproject.org/documents/0a54a6da-ddb4-44bd-af95-2cd02754aa93/ , https://www.encodeproject.org/documents/77db752f-abf7-4c93-a460-510464134f52/	'ENCODE Long Read RNA-Seq Analysis Protocol for Human Samples (v3.1)', 'PacBio LongRead 2.0'	Pacific Biosciences Sequel II		True	1600065	False	ENCSR089MWE,ENCSR156CIL	SIRV,ERCC
ENCSR130CIK	h9_panc_beta_1_1	h9_panc_beta	H9-derived pancreatic beta cells	Panc_Beta	pancreas		cell_line	#c88a2c		ENCFF973OML	ENCFF489XQJ	ENCFF324FZW	https://www.encodeproject.org/documents/77db752f-abf7-4c93-a460-510464134f52/ , https://www.encodeproject.org/documents/81af563b-5134-4f78-9bc4-41cb42cc6a48/	'PacBio LongRead 2.0', 'ENCODE Long Read RNA-Seq Analysis Protocol for HumanSamples (v3.0)'	Pacific Biosciences Sequel II		True	1567044	True	ENCSR089MWE,ENCSR156CIL	SIRV,ERCC
ENCSR130CIK	h9_panc_beta_1_2	h9_panc_beta	H9-derived pancreatic beta cells	Panc_Beta	pancreas		cell_line	#c88a2c		ENCFF058HQU	ENCFF580BQX	ENCFF408QQI	https://www.encodeproject.org/documents/77db752f-abf7-4c93-a460-510464134f52/ , https://www.encodeproject.org/documents/81af563b-5134-4f78-9bc4-41cb42cc6a48/	'PacBio LongRead 2.0', 'ENCODE Long Read RNA-Seq Analysis Protocol for HumanSamples (v3.0)'	Pacific Biosciences Sequel II		True	1614116	True	ENCSR089MWE,ENCSR156CIL	SIRV,ERCC
ENCSR530BOC	h9_panc_progen_1_1	h9_panc_progen	H9-derived pancreatic progenitors	Panc_Progenitor	pancreas		cell_line	#4c6216		ENCFF509GHY	ENCFF988RQM	ENCFF528JQR	https://www.encodeproject.org/documents/77db752f-abf7-4c93-a460-510464134f52/ , https://www.encodeproject.org/documents/81af563b-5134-4f78-9bc4-41cb42cc6a48/	'PacBio LongRead 2.0', 'ENCODE Long Read RNA-Seq Analysis Protocol for HumanSamples (v3.0)'	Pacific Biosciences Sequel II		True	1157404	True	ENCSR089MWE,ENCSR156CIL	SIRV,ERCC
ENCSR530BOC	h9_panc_progen_1_2	h9_panc_progen	H9-derived pancreatic progenitors	Panc_Progenitor	pancreas		cell_line	#4c6216		ENCFF803KIA	ENCFF471YEK	ENCFF039JBB	https://www.encodeproject.org/documents/77db752f-abf7-4c93-a460-510464134f52/ , https://www.encodeproject.org/documents/81af563b-5134-4f78-9bc4-41cb42cc6a48/	'PacBio LongRead 2.0', 'ENCODE Long Read RNA-Seq Analysis Protocol for HumanSamples (v3.0)'	Pacific Biosciences Sequel II		True	1610328	True	ENCSR089MWE,ENCSR156CIL	SIRV,ERCC
ENCSR388RWE	hct116_1_1	hct116	HCT116	hct116	colon		cell_line	#82ae4d		ENCFF400LRT	ENCFF337VWR	ENCFF776BTJ	https://www.encodeproject.org/documents/0a54a6da-ddb4-44bd-af95-2cd02754aa93/ , https://www.encodeproject.org/documents/3baa46d2-cb88-4608-8877-70596d200489/	'ENCODE Long Read RNA-Seq Analysis Protocol for Human Samples (v3.1)', 'PacBio libraries v3 (October, 2020) Protocol to build non-size selected cDNA libraries for Pacific Biosciences long-read sequencing Version 3.0 (October, 2020)'	Pacific Biosciences Sequel II	10.0	True	1386892	False	ENCSR089MWE,ENCSR156CIL	SIRV,ERCC
ENCSR194YUY	heart_left_ventricle_1_1	heart	Heart	heart	heart		tissue	#bf3729	heart_14d,heart_18-20mo,heart_2mo	ENCFF989FKA	ENCFF185VYD	ENCFF146VCF	https://www.encodeproject.org/documents/2297237f-dfb0-424d-a386-c350ffe8dbe3/	'cDNA libraries from brain for use in Illumina NextSeq 500 sequencing v1'	Pacific Biosciences Sequel	8.0	False	477204	True		
ENCSR575LWI	heart_left_ventricle_2_1	heart	Heart	heart	heart		tissue	#bf3729	heart_14d,heart_18-20mo,heart_2mo	ENCFF437SYY	ENCFF537NCV	ENCFF044XQA	https://www.encodeproject.org/documents/0a54a6da-ddb4-44bd-af95-2cd02754aa93/ , https://www.encodeproject.org/documents/c4b8952c-d9f1-42e7-8ea5-54659d14f46b/ , https://www.encodeproject.org/documents/77db752f-abf7-4c93-a460-510464134f52/	'ENCODE Long Read RNA-Seq Analysis Protocol for Human Samples (v3.1)', 'Human Flash Frozen', 'PacBio LongRead 2.0'	Pacific Biosciences Sequel II		True	2554594	True	ENCSR089MWE,ENCSR156CIL	SIRV,ERCC
ENCSR700XDQ	heart_left_ventricle_3_1	heart	Heart	heart	heart		tissue	#bf3729	heart_14d,heart_18-20mo,heart_2mo	ENCFF502LAB	ENCFF429JUP	ENCFF795TPX	https://www.encodeproject.org/documents/0a54a6da-ddb4-44bd-af95-2cd02754aa93/ , https://www.encodeproject.org/documents/3baa46d2-cb88-4608-8877-70596d200489/ , https://www.encodeproject.org/documents/c4b8952c-d9f1-42e7-8ea5-54659d14f46b/	'ENCODE Long Read RNA-Seq Analysis Protocol for Human Samples (v3.1)', 'PacBio libraries v3 (October, 2020) Protocol to build non-size selected cDNA libraries for Pacific Biosciences long-read sequencing Version 3.0 (October, 2020)', 'Human Flash Frozen'	Pacific Biosciences Sequel II	9.0	True	1213979	True	ENCSR089MWE,ENCSR156CIL	SIRV,ERCC
ENCSR994YZY	heart_left_ventricle_4_1	heart	Heart	heart	heart		tissue	#bf3729	heart_14d,heart_18-20mo,heart_2mo	ENCFF623IBV	ENCFF602MAI	ENCFF666QGE	https://www.encodeproject.org/documents/0a54a6da-ddb4-44bd-af95-2cd02754aa93/ , https://www.encodeproject.org/documents/3baa46d2-cb88-4608-8877-70596d200489/ , https://www.encodeproject.org/documents/c4b8952c-d9f1-42e7-8ea5-54659d14f46b/	'ENCODE Long Read RNA-Seq Analysis Protocol for Human Samples (v3.1)', 'PacBio libraries v3 (October, 2020) Protocol to build non-size selected cDNA libraries for Pacific Biosciences long-read sequencing Version 3.0 (October, 2020)', 'Human Flash Frozen'	Pacific Biosciences Sequel II	9.0	True	983958	True	ENCSR089MWE,ENCSR156CIL	SIRV,ERCC
ENCSR329ZQG	heart_right_ventricle_1_1	heart	Heart	heart	heart		tissue	#bf3729	heart_14d,heart_18-20mo,heart_2mo	ENCFF305AFY	ENCFF615FIC	ENCFF531MPH	https://www.encodeproject.org/documents/0a54a6da-ddb4-44bd-af95-2cd02754aa93/ , https://www.encodeproject.org/documents/c4b8952c-d9f1-42e7-8ea5-54659d14f46b/ , https://www.encodeproject.org/documents/77db752f-abf7-4c93-a460-510464134f52/	'ENCODE Long Read RNA-Seq Analysis Protocol for Human Samples (v3.1)', 'Human Flash Frozen', 'PacBio LongRead 2.0'	Pacific Biosciences Sequel II		True	1594564	True	ENCSR089MWE,ENCSR156CIL	SIRV,ERCC
ENCSR782LGT	heart_right_ventricle_2_1	heart	Heart	heart	heart		tissue	#bf3729	heart_14d,heart_18-20mo,heart_2mo	ENCFF660UTF	ENCFF793PGJ	ENCFF327SFR	https://www.encodeproject.org/documents/0a54a6da-ddb4-44bd-af95-2cd02754aa93/ , https://www.encodeproject.org/documents/3baa46d2-cb88-4608-8877-70596d200489/ , https://www.encodeproject.org/documents/c4b8952c-d9f1-42e7-8ea5-54659d14f46b/	'ENCODE Long Read RNA-Seq Analysis Protocol for Human Samples (v3.1)', 'PacBio libraries v3 (October, 2020) Protocol to build non-size selected cDNA libraries for Pacific Biosciences long-read sequencing Version 3.0 (October, 2020)', 'Human Flash Frozen'	Pacific Biosciences Sequel II	9.0	True	1269372	True	ENCSR089MWE,ENCSR156CIL	SIRV,ERCC
ENCSR984OAE	heart_right_ventricle_3_1	heart	Heart	heart	heart		tissue	#bf3729	heart_14d,heart_18-20mo,heart_2mo	ENCFF018PZX	ENCFF425VDL	ENCFF294CAJ	https://www.encodeproject.org/documents/0a54a6da-ddb4-44bd-af95-2cd02754aa93/ , https://www.encodeproject.org/documents/3baa46d2-cb88-4608-8877-70596d200489/ , https://www.encodeproject.org/documents/c4b8952c-d9f1-42e7-8ea5-54659d14f46b/	'ENCODE Long Read RNA-Seq Analysis Protocol for Human Samples (v3.1)', 'PacBio libraries v3 (October, 2020) Protocol to build non-size selected cDNA libraries for Pacific Biosciences long-read sequencing Version 3.0 (October, 2020)', 'Human Flash Frozen'	Pacific Biosciences Sequel II	9.0	True	1041655	True	ENCSR089MWE,ENCSR156CIL	SIRV,ERCC
ENCSR634AKC	hepg2_1_1	hepg2	HepG2	hepg2	liver		cell_line	#660f26		ENCFF814ABW	ENCFF483HTA	ENCFF834RIH	https://www.encodeproject.org/documents/0a54a6da-ddb4-44bd-af95-2cd02754aa93/ , https://www.encodeproject.org/documents/3baa46d2-cb88-4608-8877-70596d200489/	'ENCODE Long Read RNA-Seq Analysis Protocol for Human Samples (v3.1)', 'PacBio libraries v3 (October, 2020) Protocol to build non-size selected cDNA libraries for Pacific Biosciences long-read sequencing Version 3.0 (October, 2020)'	Pacific Biosciences Sequel II	10.0	True	2456623	False	ENCSR089MWE,ENCSR156CIL	SIRV,ERCC
ENCSR834DQL	hepg2_2_1	hepg2	HepG2	hepg2	liver		cell_line	#660f26		ENCFF470UHX	ENCFF589SMB	ENCFF978TOO	https://www.encodeproject.org/documents/7ec9d66a-3b7e-4183-8677-e1df14770b44/ , https://www.encodeproject.org/documents/9d64c094-3f6b-49ae-b344-ccdf6ae3eb0c/	'ENCODE Long Read RNA-Seq Analysis Protocol for Human Samples (v.1.0)', 'non-size selected cDNA libraries for use in PacBio sequencing'	Pacific Biosciences Sequel		False	1090307	False		
ENCSR834DQL	hepg2_2_2	hepg2	HepG2	hepg2	liver		cell_line	#660f26		ENCFF054YYA	ENCFF427JDY	ENCFF102RHW	https://www.encodeproject.org/documents/7ec9d66a-3b7e-4183-8677-e1df14770b44/ , https://www.encodeproject.org/documents/9d64c094-3f6b-49ae-b344-ccdf6ae3eb0c/	'ENCODE Long Read RNA-Seq Analysis Protocol for Human Samples (v.1.0)', 'non-size selected cDNA libraries for use in PacBio sequencing'	Pacific Biosciences Sequel		False	633758	False		
ENCSR902GAF	hffc6_1_1	hffc6	HFFc6	hffc6	cartilage		cell_line	#98528D		ENCFF016SHE	ENCFF385QZZ	ENCFF224GJB	https://www.encodeproject.org/documents/54012fc3-644e-49af-97e4-888226753fd9/	'non-size selected cDNA libraries for use in PacBio sequencing v1'	Pacific Biosciences Sequel		False	1052582	False		
ENCSR902GAF	hffc6_1_2	hffc6	HFFc6	hffc6	cartilage		cell_line	#98528D		ENCFF479EHE	ENCFF728ITF	ENCFF027FIG	https://www.encodeproject.org/documents/54012fc3-644e-49af-97e4-888226753fd9/	'non-size selected cDNA libraries for use in PacBio sequencing v1'	Pacific Biosciences Sequel		False	826024	False		
ENCSR902GAF	hffc6_1_3	hffc6	HFFc6	hffc6	cartilage		cell_line	#98528D		ENCFF914XOH	ENCFF288CJF	ENCFF128JBZ	https://www.encodeproject.org/documents/54012fc3-644e-49af-97e4-888226753fd9/	'non-size selected cDNA libraries for use in PacBio sequencing v1'	Pacific Biosciences Sequel		False	1039934	False		
ENCSR887LTD	hl60_1_1	hl60	HL60	hl60	blood		cell_line	#d2b48c		ENCFF810FRP	ENCFF609QIM	ENCFF067OVE	https://www.encodeproject.org/documents/77db752f-abf7-4c93-a460-510464134f52/ , https://www.encodeproject.org/documents/81af563b-5134-4f78-9bc4-41cb42cc6a48/	'PacBio LongRead 2.0', 'ENCODE Long Read RNA-Seq Analysis Protocol for HumanSamples (v3.0)'	Pacific Biosciences Sequel II	8.0	True	2772633	False	ENCSR089MWE,ENCSR156CIL	SIRV,ERCC
ENCSR887LTD	hl60_1_2	hl60	HL60	hl60	blood		cell_line	#d2b48c		ENCFF600MGT	ENCFF274DYS	ENCFF494IOG	https://www.encodeproject.org/documents/77db752f-abf7-4c93-a460-510464134f52/ , https://www.encodeproject.org/documents/81af563b-5134-4f78-9bc4-41cb42cc6a48/	'PacBio LongRead 2.0', 'ENCODE Long Read RNA-Seq Analysis Protocol for HumanSamples (v3.0)'	Pacific Biosciences Sequel II	8.0	True	2365326	False	ENCSR089MWE,ENCSR156CIL	SIRV,ERCC
ENCSR546DFO	hl60_m0_1_1	hl60_m0	HL60-derived M0 macrophages	hl60_mac	blood		cell_line	#BDBDBD		ENCFF624BUU	ENCFF805YXK	ENCFF834VFJ	https://www.encodeproject.org/documents/6d583a1d-d692-4511-b13b-c051822d861c/ , https://www.encodeproject.org/documents/ae021ff9-4099-4701-957c-7effb7341962/ , https://www.encodeproject.org/documents/77db752f-abf7-4c93-a460-510464134f52/	'ENCODE Long Read RNA-Seq Analysis Protocol for Human Samples (v3.2)', 'HL-60 M0/M1/M2 differentiation protocol', 'PacBio LongRead 2.0'	Pacific Biosciences Sequel II		True	1779350	False	ENCSR089MWE,ENCSR156CIL	SIRV,ERCC
ENCSR546DFO	hl60_m0_1_2	hl60_m0	HL60-derived M0 macrophages	hl60_mac	blood		cell_line	#BDBDBD		ENCFF172UBZ	ENCFF810XST	ENCFF359OMJ	https://www.encodeproject.org/documents/6d583a1d-d692-4511-b13b-c051822d861c/ , https://www.encodeproject.org/documents/ae021ff9-4099-4701-957c-7effb7341962/ , https://www.encodeproject.org/documents/77db752f-abf7-4c93-a460-510464134f52/	'ENCODE Long Read RNA-Seq Analysis Protocol for Human Samples (v3.2)', 'HL-60 M0/M1/M2 differentiation protocol', 'PacBio LongRead 2.0'	Pacific Biosciences Sequel II		True	1805489	False	ENCSR089MWE,ENCSR156CIL	SIRV,ERCC
ENCSR121FDE	hl60_m1_12hr_1_1	hl60_m1_12hr	HL60-derived M1 macrophages 12 hr	hl60_mac	blood		cell_line	#FCC5C0		ENCFF294TRC	ENCFF032UMC	ENCFF067DBD	https://www.encodeproject.org/documents/6d583a1d-d692-4511-b13b-c051822d861c/ , https://www.encodeproject.org/documents/ae021ff9-4099-4701-957c-7effb7341962/ , https://www.encodeproject.org/documents/77db752f-abf7-4c93-a460-510464134f52/	'ENCODE Long Read RNA-Seq Analysis Protocol for Human Samples (v3.2)', 'HL-60 M0/M1/M2 differentiation protocol', 'PacBio LongRead 2.0'	Pacific Biosciences Sequel II	9.8	True	1795828	False	ENCSR759PLA,ENCSR156CIL	SIRV4,ERCC
ENCSR121FDE	hl60_m1_12hr_1_2	hl60_m1_12hr	HL60-derived M1 macrophages 12 hr	hl60_mac	blood		cell_line	#FCC5C0		ENCFF535QSI	ENCFF457TIY	ENCFF191AOF	https://www.encodeproject.org/documents/6d583a1d-d692-4511-b13b-c051822d861c/ , https://www.encodeproject.org/documents/ae021ff9-4099-4701-957c-7effb7341962/ , https://www.encodeproject.org/documents/77db752f-abf7-4c93-a460-510464134f52/	'ENCODE Long Read RNA-Seq Analysis Protocol for Human Samples (v3.2)', 'HL-60 M0/M1/M2 differentiation protocol', 'PacBio LongRead 2.0'	Pacific Biosciences Sequel II	9.8	True	1550774	False	ENCSR759PLA,ENCSR156CIL	SIRV4,ERCC
ENCSR583KAF	hl60_m1_24hr_1_1	hl60_m1_24hr	HL60-derived M1 macrophages 24 hr	hl60_mac	blood		cell_line	#F984AB		ENCFF531AEO	ENCFF260AJN	ENCFF116WMS	https://www.encodeproject.org/documents/6d583a1d-d692-4511-b13b-c051822d861c/ , https://www.encodeproject.org/documents/ae021ff9-4099-4701-957c-7effb7341962/ , https://www.encodeproject.org/documents/77db752f-abf7-4c93-a460-510464134f52/	'ENCODE Long Read RNA-Seq Analysis Protocol for Human Samples (v3.2)', 'HL-60 M0/M1/M2 differentiation protocol', 'PacBio LongRead 2.0'	Pacific Biosciences Sequel II	9.9	True	837198	False	ENCSR759PLA,ENCSR156CIL	SIRV4,ERCC
ENCSR583KAF	hl60_m1_24hr_1_2	hl60_m1_24hr	HL60-derived M1 macrophages 24 hr	hl60_mac	blood		cell_line	#F984AB		ENCFF074AZE	ENCFF145QNC	ENCFF009MPL	https://www.encodeproject.org/documents/6d583a1d-d692-4511-b13b-c051822d861c/ , https://www.encodeproject.org/documents/ae021ff9-4099-4701-957c-7effb7341962/ , https://www.encodeproject.org/documents/77db752f-abf7-4c93-a460-510464134f52/	'ENCODE Long Read RNA-Seq Analysis Protocol for Human Samples (v3.2)', 'HL-60 M0/M1/M2 differentiation protocol', 'PacBio LongRead 2.0'	Pacific Biosciences Sequel II	9.9	True	1029961	False	ENCSR759PLA,ENCSR156CIL	SIRV4,ERCC
ENCSR398SKD	hl60_m1_72hr_1_1	hl60_m1_72hr	HL60-derived M1 macrophages 72 hr	hl60_mac	blood		cell_line	#DD3497		ENCFF551HOX	ENCFF417RYS	ENCFF899UPY	https://www.encodeproject.org/documents/6d583a1d-d692-4511-b13b-c051822d861c/ , https://www.encodeproject.org/documents/ae021ff9-4099-4701-957c-7effb7341962/ , https://www.encodeproject.org/documents/77db752f-abf7-4c93-a460-510464134f52/	'ENCODE Long Read RNA-Seq Analysis Protocol for Human Samples (v3.2)', 'HL-60 M0/M1/M2 differentiation protocol', 'PacBio LongRead 2.0'	Pacific Biosciences Sequel II		True	1980928	False	ENCSR089MWE,ENCSR156CIL	SIRV,ERCC
ENCSR398SKD	hl60_m1_72hr_1_2	hl60_m1_72hr	HL60-derived M1 macrophages 72 hr	hl60_mac	blood		cell_line	#DD3497		ENCFF856OAO	ENCFF782UMU	ENCFF242KLI	https://www.encodeproject.org/documents/6d583a1d-d692-4511-b13b-c051822d861c/ , https://www.encodeproject.org/documents/ae021ff9-4099-4701-957c-7effb7341962/ , https://www.encodeproject.org/documents/77db752f-abf7-4c93-a460-510464134f52/	'ENCODE Long Read RNA-Seq Analysis Protocol for Human Samples (v3.2)', 'HL-60 M0/M1/M2 differentiation protocol', 'PacBio LongRead 2.0'	Pacific Biosciences Sequel II		True	1864041	False	ENCSR089MWE,ENCSR156CIL	SIRV,ERCC
ENCSR278ZPI	hl60_m2_12hr_1_1	hl60_m2_12hr	HL60-derived M2 macrophages 12 hr	hl60_mac	blood		cell_line	#A6BDDB		ENCFF215GZH	ENCFF407SUN	ENCFF890YUF	https://www.encodeproject.org/documents/6d583a1d-d692-4511-b13b-c051822d861c/ , https://www.encodeproject.org/documents/ae021ff9-4099-4701-957c-7effb7341962/ , https://www.encodeproject.org/documents/77db752f-abf7-4c93-a460-510464134f52/	'ENCODE Long Read RNA-Seq Analysis Protocol for Human Samples (v3.2)', 'HL-60 M0/M1/M2 differentiation protocol', 'PacBio LongRead 2.0'	Pacific Biosciences Sequel II	9.7	True	1276162	False	ENCSR759PLA,ENCSR156CIL	SIRV4,ERCC
ENCSR278ZPI	hl60_m2_12hr_1_2	hl60_m2_12hr	HL60-derived M2 macrophages 12 hr	hl60_mac	blood		cell_line	#A6BDDB		ENCFF945VII	ENCFF199OTG	ENCFF569ATS	https://www.encodeproject.org/documents/6d583a1d-d692-4511-b13b-c051822d861c/ , https://www.encodeproject.org/documents/ae021ff9-4099-4701-957c-7effb7341962/ , https://www.encodeproject.org/documents/77db752f-abf7-4c93-a460-510464134f52/	'ENCODE Long Read RNA-Seq Analysis Protocol for Human Samples (v3.2)', 'HL-60 M0/M1/M2 differentiation protocol', 'PacBio LongRead 2.0'	Pacific Biosciences Sequel II	9.7	True	1177117	False	ENCSR759PLA,ENCSR156CIL	SIRV4,ERCC
ENCSR930GRQ	hl60_m2_24hr_1_1	hl60_m2_24hr	HL60-derived M2 macrophages 24 hr	hl60_mac	blood		cell_line	#559DC8		ENCFF893MWY	ENCFF173QRD	ENCFF081LTT	https://www.encodeproject.org/documents/6d583a1d-d692-4511-b13b-c051822d861c/ , https://www.encodeproject.org/documents/ae021ff9-4099-4701-957c-7effb7341962/ , https://www.encodeproject.org/documents/77db752f-abf7-4c93-a460-510464134f52/	'ENCODE Long Read RNA-Seq Analysis Protocol for Human Samples (v3.2)', 'HL-60 M0/M1/M2 differentiation protocol', 'PacBio LongRead 2.0'	Pacific Biosciences Sequel II	9.8	True	1076375	False	ENCSR759PLA,ENCSR156CIL	SIRV4,ERCC
ENCSR930GRQ	hl60_m2_24hr_1_2	hl60_m2_24hr	HL60-derived M2 macrophages 24 hr	hl60_mac	blood		cell_line	#559DC8		ENCFF832PKO	ENCFF321PMP	ENCFF773THM	https://www.encodeproject.org/documents/6d583a1d-d692-4511-b13b-c051822d861c/ , https://www.encodeproject.org/documents/ae021ff9-4099-4701-957c-7effb7341962/ , https://www.encodeproject.org/documents/77db752f-abf7-4c93-a460-510464134f52/	'ENCODE Long Read RNA-Seq Analysis Protocol for Human Samples (v3.2)', 'HL-60 M0/M1/M2 differentiation protocol', 'PacBio LongRead 2.0'	Pacific Biosciences Sequel II	9.8	True	1352572	False	ENCSR759PLA,ENCSR156CIL	SIRV4,ERCC
ENCSR159ICU	hl60_m2_72hr_1_1	hl60_m2_72hr	HL60-derived M2 macrophages 72 hr	hl60_mac	blood		cell_line	#0570B0		ENCFF950CCD	ENCFF564TOK	ENCFF177JIB	https://www.encodeproject.org/documents/6d583a1d-d692-4511-b13b-c051822d861c/ , https://www.encodeproject.org/documents/ae021ff9-4099-4701-957c-7effb7341962/ , https://www.encodeproject.org/documents/77db752f-abf7-4c93-a460-510464134f52/	'ENCODE Long Read RNA-Seq Analysis Protocol for Human Samples (v3.2)', 'HL-60 M0/M1/M2 differentiation protocol', 'PacBio LongRead 2.0'	Pacific Biosciences Sequel II		True	1814493	False	ENCSR089MWE,ENCSR156CIL	SIRV,ERCC
ENCSR159ICU	hl60_m2_72hr_1_2	hl60_m2_72hr	HL60-derived M2 macrophages 72 hr	hl60_mac	blood		cell_line	#0570B0		ENCFF103QSB	ENCFF666JCQ	ENCFF931BCL	https://www.encodeproject.org/documents/6d583a1d-d692-4511-b13b-c051822d861c/ , https://www.encodeproject.org/documents/ae021ff9-4099-4701-957c-7effb7341962/ , https://www.encodeproject.org/documents/77db752f-abf7-4c93-a460-510464134f52/	'ENCODE Long Read RNA-Seq Analysis Protocol for Human Samples (v3.2)', 'HL-60 M0/M1/M2 differentiation protocol', 'PacBio LongRead 2.0'	Pacific Biosciences Sequel II		True	2036266	False	ENCSR089MWE,ENCSR156CIL	SIRV,ERCC
ENCSR998KIZ	hmec_1_1	hmec	HMEC	hmec	breast		cell_line	#9e99cd		ENCFF903XBV	ENCFF237FMP	ENCFF120RHU	https://www.encodeproject.org/documents/6d583a1d-d692-4511-b13b-c051822d861c/ , https://www.encodeproject.org/documents/3baa46d2-cb88-4608-8877-70596d200489/	'ENCODE Long Read RNA-Seq Analysis Protocol for Human Samples (v3.2)', 'PacBio libraries v3 (October, 2020) Protocol to build non-size selected cDNA libraries for Pacific Biosciences long-read sequencing Version 3.0 (October, 2020)'	Pacific Biosciences Sequel II	9.6	True	2580425	True	ENCSR156CIL,ENCSR759PLA	ERCC,SIRV4
ENCSR998KIZ	hmec_1_2	hmec	HMEC	hmec	breast		cell_line	#9e99cd		ENCFF349CHO	ENCFF617YVE	ENCFF960GPB	https://www.encodeproject.org/documents/6d583a1d-d692-4511-b13b-c051822d861c/ , https://www.encodeproject.org/documents/3baa46d2-cb88-4608-8877-70596d200489/	'ENCODE Long Read RNA-Seq Analysis Protocol for Human Samples (v3.2)', 'PacBio libraries v3 (October, 2020) Protocol to build non-size selected cDNA libraries for Pacific Biosciences long-read sequencing Version 3.0 (October, 2020)'	Pacific Biosciences Sequel II	9.6	True	2441884	True	ENCSR156CIL,ENCSR759PLA	ERCC,SIRV4
ENCSR687RWI	huvec_1_1	huvec	HUVEC	huvec	vessels		cell_line	#9b009b		ENCFF600UQU	ENCFF096UHO	ENCFF714EJD	https://www.encodeproject.org/documents/6d583a1d-d692-4511-b13b-c051822d861c/ , https://www.encodeproject.org/documents/3baa46d2-cb88-4608-8877-70596d200489/	'ENCODE Long Read RNA-Seq Analysis Protocol for Human Samples (v3.2)', 'PacBio libraries v3 (October, 2020) Protocol to build non-size selected cDNA libraries for Pacific Biosciences long-read sequencing Version 3.0 (October, 2020)'	Pacific Biosciences Sequel II	9.7	True	2563091	False	ENCSR156CIL,ENCSR759PLA	ERCC,SIRV4
ENCSR687RWI	huvec_1_2	huvec	HUVEC	huvec	vessels		cell_line	#9b009b		ENCFF049QIP	ENCFF033LRZ	ENCFF717UEN	https://www.encodeproject.org/documents/6d583a1d-d692-4511-b13b-c051822d861c/ , https://www.encodeproject.org/documents/3baa46d2-cb88-4608-8877-70596d200489/	'ENCODE Long Read RNA-Seq Analysis Protocol for Human Samples (v3.2)', 'PacBio libraries v3 (October, 2020) Protocol to build non-size selected cDNA libraries for Pacific Biosciences long-read sequencing Version 3.0 (October, 2020)'	Pacific Biosciences Sequel II	9.7	True	2513718	False	ENCSR156CIL,ENCSR759PLA	ERCC,SIRV4
ENCSR113MEY	imr90_1_1	imr90	IMR-90	imr90	lung		cell_line	#71145b		ENCFF545PJV	ENCFF197DCI	ENCFF320RGU	https://www.encodeproject.org/documents/0a54a6da-ddb4-44bd-af95-2cd02754aa93/ , https://www.encodeproject.org/documents/3baa46d2-cb88-4608-8877-70596d200489/	'ENCODE Long Read RNA-Seq Analysis Protocol for Human Samples (v3.1)', 'PacBio libraries v3 (October, 2020) Protocol to build non-size selected cDNA libraries for Pacific Biosciences long-read sequencing Version 3.0 (October, 2020)'	Pacific Biosciences Sequel II	10.0	True	1161276	False	ENCSR089MWE,ENCSR156CIL	SIRV,ERCC
ENCSR526TQU	k562_1_1	k562	K562	k562	blood		cell_line	#2e0e6b		ENCFF322UJU	ENCFF696GDL	ENCFF103OYU	https://www.encodeproject.org/documents/0a54a6da-ddb4-44bd-af95-2cd02754aa93/ , https://www.encodeproject.org/documents/3baa46d2-cb88-4608-8877-70596d200489/	'ENCODE Long Read RNA-Seq Analysis Protocol for Human Samples (v3.1)', 'PacBio libraries v3 (October, 2020) Protocol to build non-size selected cDNA libraries for Pacific Biosciences long-read sequencing Version 3.0 (October, 2020)'	Pacific Biosciences Sequel II	9.0	True	1909706	True	ENCSR089MWE,ENCSR156CIL	SIRV,ERCC
ENCSR589FUJ	k562_2_1	k562	K562	k562	blood		cell_line	#2e0e6b		ENCFF504GVG	ENCFF763VZC	ENCFF092NLB	https://www.encodeproject.org/documents/7ec9d66a-3b7e-4183-8677-e1df14770b44/ , https://www.encodeproject.org/documents/9d64c094-3f6b-49ae-b344-ccdf6ae3eb0c/	'ENCODE Long Read RNA-Seq Analysis Protocol for Human Samples (v.1.0)', 'non-size selected cDNA libraries for use in PacBio sequencing'	Pacific Biosciences Sequel		False	1169035	True		
ENCSR589FUJ	k562_2_2	k562	K562	k562	blood		cell_line	#2e0e6b		ENCFF479SQR	ENCFF694INI	ENCFF433YKW	https://www.encodeproject.org/documents/7ec9d66a-3b7e-4183-8677-e1df14770b44/ , https://www.encodeproject.org/documents/9d64c094-3f6b-49ae-b344-ccdf6ae3eb0c/	'ENCODE Long Read RNA-Seq Analysis Protocol for Human Samples (v.1.0)', 'non-size selected cDNA libraries for use in PacBio sequencing'	Pacific Biosciences Sequel		False	549651	True		
ENCSR983KDL	k562_3_1	k562	K562	k562	blood		cell_line	#2e0e6b		ENCFF661OEY	ENCFF429VVB	ENCFF515YRZ	https://www.encodeproject.org/documents/0a54a6da-ddb4-44bd-af95-2cd02754aa93/ , https://www.encodeproject.org/documents/3baa46d2-cb88-4608-8877-70596d200489/	'ENCODE Long Read RNA-Seq Analysis Protocol for Human Samples (v3.1)', 'PacBio libraries v3 (October, 2020) Protocol to build non-size selected cDNA libraries for Pacific Biosciences long-read sequencing Version 3.0 (October, 2020)'	Pacific Biosciences Sequel II		True	2526610	True	ENCSR089MWE,ENCSR156CIL	SIRV,ERCC
ENCSR983KDL	k562_3_2	k562	K562	k562	blood		cell_line	#2e0e6b		ENCFF645UVN	ENCFF634YSN	ENCFF475XQX	https://www.encodeproject.org/documents/0a54a6da-ddb4-44bd-af95-2cd02754aa93/ , https://www.encodeproject.org/documents/3baa46d2-cb88-4608-8877-70596d200489/	'ENCODE Long Read RNA-Seq Analysis Protocol for Human Samples (v3.1)', 'PacBio libraries v3 (October, 2020) Protocol to build non-size selected cDNA libraries for Pacific Biosciences long-read sequencing Version 3.0 (October, 2020)'	Pacific Biosciences Sequel II		True	2623089	True	ENCSR089MWE,ENCSR156CIL	SIRV,ERCC
ENCSR432YKA	kidney_1_1	kidney	Kidney	kidney	kidney		tissue	#2f357c		ENCFF239CWJ	ENCFF492BYP	ENCFF405KOD	https://www.encodeproject.org/documents/0a54a6da-ddb4-44bd-af95-2cd02754aa93/ , https://www.encodeproject.org/documents/3baa46d2-cb88-4608-8877-70596d200489/ , https://www.encodeproject.org/documents/c4b8952c-d9f1-42e7-8ea5-54659d14f46b/	'ENCODE Long Read RNA-Seq Analysis Protocol for Human Samples (v3.1)', 'PacBio libraries v3 (October, 2020) Protocol to build non-size selected cDNA libraries for Pacific Biosciences long-read sequencing Version 3.0 (October, 2020)', 'Human Flash Frozen'	Pacific Biosciences Sequel II	7.0	True	847743	False	ENCSR089MWE,ENCSR156CIL	SIRV,ERCC
ENCSR424QFN	left_cardiac_atrium_1_1	heart	Heart	heart	heart		tissue	#bf3729	heart_14d,heart_18-20mo,heart_2mo	ENCFF344KQF	ENCFF920VXE	ENCFF131UMN	https://www.encodeproject.org/documents/c4b8952c-d9f1-42e7-8ea5-54659d14f46b/ , https://www.encodeproject.org/documents/77db752f-abf7-4c93-a460-510464134f52/ , https://www.encodeproject.org/documents/81af563b-5134-4f78-9bc4-41cb42cc6a48/	'Human Flash Frozen', 'PacBio LongRead 2.0', 'ENCODE Long Read RNA-Seq Analysis Protocol for HumanSamples (v3.0)'	Pacific Biosciences Sequel II	8.7	True	737972	True	ENCSR089MWE,ENCSR156CIL	SIRV,ERCC
ENCSR450GAR	left_colon_1_1	colon	Colon	colon	colon		tissue	#355828		ENCFF886FZQ	ENCFF245MBY	ENCFF970ZPO	https://www.encodeproject.org/documents/c4b8952c-d9f1-42e7-8ea5-54659d14f46b/ , https://www.encodeproject.org/documents/77db752f-abf7-4c93-a460-510464134f52/ , https://www.encodeproject.org/documents/81af563b-5134-4f78-9bc4-41cb42cc6a48/	'Human Flash Frozen', 'PacBio LongRead 2.0', 'ENCODE Long Read RNA-Seq Analysis Protocol for HumanSamples (v3.0)'	Pacific Biosciences Sequel II		True	1130537	False	ENCSR089MWE,ENCSR156CIL	SIRV,ERCC
ENCSR426KOP	left_lung_1_1	lung	Lung	lung	lung		tissue	#6c5d9e		ENCFF757LOZ	ENCFF196WMM	ENCFF818VIC	https://www.encodeproject.org/documents/2297237f-dfb0-424d-a386-c350ffe8dbe3/ , https://www.encodeproject.org/documents/c4b8952c-d9f1-42e7-8ea5-54659d14f46b/	'cDNA libraries from brain for use in Illumina NextSeq 500 sequencing v1', 'Human Flash Frozen'	Pacific Biosciences Sequel	8.8	False	743976	True		
ENCSR746ITG	left_lung_2_1	lung	Lung	lung	lung		tissue	#6c5d9e		ENCFF809QBD	ENCFF733RRO	ENCFF386BBR	https://www.encodeproject.org/documents/2297237f-dfb0-424d-a386-c350ffe8dbe3/ , https://www.encodeproject.org/documents/c4b8952c-d9f1-42e7-8ea5-54659d14f46b/	'cDNA libraries from brain for use in Illumina NextSeq 500 sequencing v1', 'Human Flash Frozen'	Pacific Biosciences Sequel	8.8	False	706257	True		
ENCSR786FLO	left_ventricle_myocardium_inferior_1_1	heart	Heart	heart	heart		tissue	#bf3729	heart_14d,heart_18-20mo,heart_2mo	ENCFF132YCF	ENCFF793CMQ	ENCFF755YKI	https://www.encodeproject.org/documents/0a54a6da-ddb4-44bd-af95-2cd02754aa93/ , https://www.encodeproject.org/documents/3baa46d2-cb88-4608-8877-70596d200489/ , https://www.encodeproject.org/documents/c4b8952c-d9f1-42e7-8ea5-54659d14f46b/	'ENCODE Long Read RNA-Seq Analysis Protocol for Human Samples (v3.1)', 'PacBio libraries v3 (October, 2020) Protocol to build non-size selected cDNA libraries for Pacific Biosciences long-read sequencing Version 3.0 (October, 2020)', 'Human Flash Frozen'	Pacific Biosciences Sequel II	9.0	True	1349573	True	ENCSR156CIL,ENCSR089MWE	ERCC,SIRV
ENCSR777CCI	left_ventricle_myocardium_superior_1_1	heart	Heart	heart	heart		tissue	#bf3729	heart_14d,heart_18-20mo,heart_2mo	ENCFF850YMO	ENCFF624IQY	ENCFF560GYE	https://www.encodeproject.org/documents/0a54a6da-ddb4-44bd-af95-2cd02754aa93/ , https://www.encodeproject.org/documents/3baa46d2-cb88-4608-8877-70596d200489/ , https://www.encodeproject.org/documents/c4b8952c-d9f1-42e7-8ea5-54659d14f46b/	'ENCODE Long Read RNA-Seq Analysis Protocol for Human Samples (v3.1)', 'PacBio libraries v3 (October, 2020) Protocol to build non-size selected cDNA libraries for Pacific Biosciences long-read sequencing Version 3.0 (October, 2020)', 'Human Flash Frozen'	Pacific Biosciences Sequel II	8.0	True	1373613	True	ENCSR156CIL,ENCSR089MWE	ERCC,SIRV
ENCSR261GOA	lower_lobe_of_left_lung_1_1	lung	Lung	lung	lung		tissue	#6c5d9e		ENCFF779VVX	ENCFF552NVU	ENCFF243QTD	https://www.encodeproject.org/documents/0a54a6da-ddb4-44bd-af95-2cd02754aa93/ , https://www.encodeproject.org/documents/c4b8952c-d9f1-42e7-8ea5-54659d14f46b/ , https://www.encodeproject.org/documents/77db752f-abf7-4c93-a460-510464134f52/	'ENCODE Long Read RNA-Seq Analysis Protocol for Human Samples (v3.1)', 'Human Flash Frozen', 'PacBio LongRead 2.0'	Pacific Biosciences Sequel II		True	2483648	True	ENCSR089MWE,ENCSR156CIL	SIRV,ERCC
ENCSR986WKB	lower_lobe_of_left_lung_2_1	lung	Lung	lung	lung		tissue	#6c5d9e		ENCFF924HBV	ENCFF341BSQ	ENCFF494CUI	https://www.encodeproject.org/documents/0a54a6da-ddb4-44bd-af95-2cd02754aa93/ , https://www.encodeproject.org/documents/3baa46d2-cb88-4608-8877-70596d200489/ , https://www.encodeproject.org/documents/c4b8952c-d9f1-42e7-8ea5-54659d14f46b/	'ENCODE Long Read RNA-Seq Analysis Protocol for Human Samples (v3.1)', 'PacBio libraries v3 (October, 2020) Protocol to build non-size selected cDNA libraries for Pacific Biosciences long-read sequencing Version 3.0 (October, 2020)', 'Human Flash Frozen'	Pacific Biosciences Sequel II	8.0	True	729018	True	ENCSR089MWE,ENCSR156CIL	SIRV,ERCC
ENCSR323XND	lower_lobe_of_right_lung_1_1	lung	Lung	lung	lung		tissue	#6c5d9e		ENCFF767KXS	ENCFF250IWT	ENCFF369PVJ	https://www.encodeproject.org/documents/c4b8952c-d9f1-42e7-8ea5-54659d14f46b/ , https://www.encodeproject.org/documents/77db752f-abf7-4c93-a460-510464134f52/ , https://www.encodeproject.org/documents/81af563b-5134-4f78-9bc4-41cb42cc6a48/	'Human Flash Frozen', 'PacBio LongRead 2.0', 'ENCODE Long Read RNA-Seq Analysis Protocol for HumanSamples (v3.0)'	Pacific Biosciences Sequel II		True	1528088	True	ENCSR089MWE,ENCSR156CIL	SIRV,ERCC
ENCSR813UIT	mcf10a_1_1	mcf10a	MCF10A	mcf10a	breast		cell_line	#056879		ENCFF990ZNY	ENCFF041EGI	ENCFF966CRV	https://www.encodeproject.org/documents/6d583a1d-d692-4511-b13b-c051822d861c/ , https://www.encodeproject.org/documents/3baa46d2-cb88-4608-8877-70596d200489/	'ENCODE Long Read RNA-Seq Analysis Protocol for Human Samples (v3.2)', 'PacBio libraries v3 (October, 2020) Protocol to build non-size selected cDNA libraries for Pacific Biosciences long-read sequencing Version 3.0 (October, 2020)'	Pacific Biosciences Sequel II	9.3	True	1904358	True	ENCSR156CIL,ENCSR759PLA	ERCC,SIRV4
ENCSR813UIT	mcf10a_1_2	mcf10a	MCF10A	mcf10a	breast		cell_line	#056879		ENCFF702KGD	ENCFF702KLU	ENCFF740SLF	https://www.encodeproject.org/documents/6d583a1d-d692-4511-b13b-c051822d861c/ , https://www.encodeproject.org/documents/3baa46d2-cb88-4608-8877-70596d200489/	'ENCODE Long Read RNA-Seq Analysis Protocol for Human Samples (v3.2)', 'PacBio libraries v3 (October, 2020) Protocol to build non-size selected cDNA libraries for Pacific Biosciences long-read sequencing Version 3.0 (October, 2020)'	Pacific Biosciences Sequel II	9.3	True	1932460	True	ENCSR156CIL,ENCSR759PLA	ERCC,SIRV4
ENCSR810XLL	mcf7_1_1	mcf7	MCF7	mcf7	breast		cell_line	#2f3d4a		ENCFF118JEI	ENCFF887DGG	ENCFF476CVK	https://www.encodeproject.org/documents/0a54a6da-ddb4-44bd-af95-2cd02754aa93/ , https://www.encodeproject.org/documents/3baa46d2-cb88-4608-8877-70596d200489/	'ENCODE Long Read RNA-Seq Analysis Protocol for Human Samples (v3.1)', 'PacBio libraries v3 (October, 2020) Protocol to build non-size selected cDNA libraries for Pacific Biosciences long-read sequencing Version 3.0 (October, 2020)'	Pacific Biosciences Sequel II	9.0	True	1639352	True	ENCSR089MWE,ENCSR156CIL	SIRV,ERCC
ENCSR648QZP	mesenteric_fat_pad_1_1	adipose	Adipose	adipose	adipose		tissue	#f5bb50		ENCFF971JDY	ENCFF907SZK	ENCFF025MQM	https://www.encodeproject.org/documents/0a54a6da-ddb4-44bd-af95-2cd02754aa93/ , https://www.encodeproject.org/documents/77db752f-abf7-4c93-a460-510464134f52/	'ENCODE Long Read RNA-Seq Analysis Protocol for Human Samples (v3.1)', 'PacBio LongRead 2.0'	Pacific Biosciences Sequel II		True	1794731	True	ENCSR089MWE,ENCSR156CIL	SIRV,ERCC
ENCSR803XXZ	mucosa_of_descending_colon_1_1	colon	Colon	colon	colon		tissue	#355828		ENCFF731THW	ENCFF511AVQ	ENCFF932COO	https://www.encodeproject.org/documents/2297237f-dfb0-424d-a386-c350ffe8dbe3/ , https://www.encodeproject.org/documents/c4b8952c-d9f1-42e7-8ea5-54659d14f46b/	'cDNA libraries from brain for use in Illumina NextSeq 500 sequencing v1', 'Human Flash Frozen'	Pacific Biosciences Sequel	9.1	False	673120	False		
ENCSR997RFW	mucosa_of_descending_colon_2_1	colon	Colon	colon	colon		tissue	#355828		ENCFF171AQO	ENCFF387HPO	ENCFF863NLH	https://www.encodeproject.org/documents/3baa46d2-cb88-4608-8877-70596d200489/ , https://www.encodeproject.org/documents/c4b8952c-d9f1-42e7-8ea5-54659d14f46b/ , https://www.encodeproject.org/documents/81af563b-5134-4f78-9bc4-41cb42cc6a48/	'PacBio libraries v3 (October, 2020) Protocol to build non-size selected cDNA libraries for Pacific Biosciences long-read sequencing Version 3.0 (October, 2020)', 'Human Flash Frozen', 'ENCODE Long Read RNA-Seq Analysis Protocol for HumanSamples (v3.0)'	Pacific Biosciences Sequel II	7.0	True	1105691	False	ENCSR089MWE,ENCSR156CIL	SIRV,ERCC
ENCSR700SUP	ocily7_1_1	ocily7	OCILY7	ocily7	blood		cell_line	#143727		ENCFF007EDQ	ENCFF417UQV	ENCFF975PWU	https://www.encodeproject.org/documents/6d583a1d-d692-4511-b13b-c051822d861c/ , https://www.encodeproject.org/documents/3baa46d2-cb88-4608-8877-70596d200489/	'ENCODE Long Read RNA-Seq Analysis Protocol for Human Samples (v3.2)', 'PacBio libraries v3 (October, 2020) Protocol to build non-size selected cDNA libraries for Pacific Biosciences long-read sequencing Version 3.0 (October, 2020)'	Pacific Biosciences Sequel II	9.9	True	1670293	False	ENCSR156CIL,ENCSR759PLA	ERCC,SIRV4
ENCSR700SUP	ocily7_1_2	ocily7	OCILY7	ocily7	blood		cell_line	#143727		ENCFF259PEY	ENCFF511KJB	ENCFF125FVV	https://www.encodeproject.org/documents/6d583a1d-d692-4511-b13b-c051822d861c/ , https://www.encodeproject.org/documents/3baa46d2-cb88-4608-8877-70596d200489/	'ENCODE Long Read RNA-Seq Analysis Protocol for Human Samples (v3.2)', 'PacBio libraries v3 (October, 2020) Protocol to build non-size selected cDNA libraries for Pacific Biosciences long-read sequencing Version 3.0 (October, 2020)'	Pacific Biosciences Sequel II	9.9	True	1364816	False	ENCSR156CIL,ENCSR759PLA	ERCC,SIRV4
ENCSR477HHG	ovary_1_1	ovary	Ovary	ovary	ovary		tissue	#17154f		ENCFF583MSU	ENCFF756AHG	ENCFF056MAB	https://www.encodeproject.org/documents/0a54a6da-ddb4-44bd-af95-2cd02754aa93/ , https://www.encodeproject.org/documents/c4b8952c-d9f1-42e7-8ea5-54659d14f46b/ , https://www.encodeproject.org/documents/77db752f-abf7-4c93-a460-510464134f52/	'ENCODE Long Read RNA-Seq Analysis Protocol for Human Samples (v3.1)', 'Human Flash Frozen', 'PacBio LongRead 2.0'	Pacific Biosciences Sequel II		True	2054310	False	ENCSR089MWE,ENCSR156CIL	SIRV,ERCC
ENCSR507WZC	ovary_2_1	ovary	Ovary	ovary	ovary		tissue	#17154f		ENCFF984RMR	ENCFF422XLS	ENCFF664IVZ	https://www.encodeproject.org/documents/0a54a6da-ddb4-44bd-af95-2cd02754aa93/ , https://www.encodeproject.org/documents/3baa46d2-cb88-4608-8877-70596d200489/ , https://www.encodeproject.org/documents/c4b8952c-d9f1-42e7-8ea5-54659d14f46b/	'ENCODE Long Read RNA-Seq Analysis Protocol for Human Samples (v3.1)', 'PacBio libraries v3 (October, 2020) Protocol to build non-size selected cDNA libraries for Pacific Biosciences long-read sequencing Version 3.0 (October, 2020)', 'Human Flash Frozen'	Pacific Biosciences Sequel II	8.0	True	1267793	False	ENCSR156CIL,ENCSR089MWE	ERCC,SIRV
ENCSR587WPR	ovary_3_1	ovary	Ovary	ovary	ovary		tissue	#17154f		ENCFF644PGG	ENCFF187BTK	ENCFF650CQV	https://www.encodeproject.org/documents/2297237f-dfb0-424d-a386-c350ffe8dbe3/ , https://www.encodeproject.org/documents/c4b8952c-d9f1-42e7-8ea5-54659d14f46b/	'cDNA libraries from brain for use in Illumina NextSeq 500 sequencing v1', 'Human Flash Frozen'	Pacific Biosciences Sequel	8.8	False	376401	False		
ENCSR181CES	panc1_1_1	panc1	PANC-1	panc1	pancreas		cell_line	#6eb4cf		ENCFF745DHX	ENCFF990CUL	ENCFF786LUJ	https://www.encodeproject.org/documents/0a54a6da-ddb4-44bd-af95-2cd02754aa93/ , https://www.encodeproject.org/documents/3baa46d2-cb88-4608-8877-70596d200489/	'ENCODE Long Read RNA-Seq Analysis Protocol for Human Samples (v3.1)', 'PacBio libraries v3 (October, 2020) Protocol to build non-size selected cDNA libraries for Pacific Biosciences long-read sequencing Version 3.0 (October, 2020)'	Pacific Biosciences Sequel II	10.0	True	1583465	True	ENCSR089MWE,ENCSR156CIL	SIRV,ERCC
ENCSR947JHA	pc3_1_1	pc3	PC3	pc3	prostate		cell_line	#85927f		ENCFF044LIA	ENCFF834KTE	ENCFF369ZIJ	https://www.encodeproject.org/documents/0a54a6da-ddb4-44bd-af95-2cd02754aa93/ , https://www.encodeproject.org/documents/3baa46d2-cb88-4608-8877-70596d200489/	'ENCODE Long Read RNA-Seq Analysis Protocol for Human Samples (v3.1)', 'PacBio libraries v3 (October, 2020) Protocol to build non-size selected cDNA libraries for Pacific Biosciences long-read sequencing Version 3.0 (October, 2020)'	Pacific Biosciences Sequel II	9.0	True	1905298	False	ENCSR089MWE,ENCSR156CIL	SIRV,ERCC
ENCSR916JDV	pc9_1_1	pc9	PC9	pc9	lung		cell_line	#af7864		ENCFF100YYU	ENCFF107YRM	ENCFF366IUC	https://www.encodeproject.org/documents/6d583a1d-d692-4511-b13b-c051822d861c/ , https://www.encodeproject.org/documents/3baa46d2-cb88-4608-8877-70596d200489/	'ENCODE Long Read RNA-Seq Analysis Protocol for Human Samples (v3.2)', 'PacBio libraries v3 (October, 2020) Protocol to build non-size selected cDNA libraries for Pacific Biosciences long-read sequencing Version 3.0 (October, 2020)'	Pacific Biosciences Sequel II	9.5	True	1771848	False	ENCSR156CIL,ENCSR759PLA	ERCC,SIRV4
ENCSR916JDV	pc9_1_2	pc9	PC9	pc9	lung		cell_line	#af7864		ENCFF100EPL	ENCFF860AWQ	ENCFF529CMY	https://www.encodeproject.org/documents/6d583a1d-d692-4511-b13b-c051822d861c/ , https://www.encodeproject.org/documents/3baa46d2-cb88-4608-8877-70596d200489/	'ENCODE Long Read RNA-Seq Analysis Protocol for Human Samples (v3.2)', 'PacBio libraries v3 (October, 2020) Protocol to build non-size selected cDNA libraries for Pacific Biosciences long-read sequencing Version 3.0 (October, 2020)'	Pacific Biosciences Sequel II	9.5	True	1651624	False	ENCSR156CIL,ENCSR759PLA	ERCC,SIRV4
ENCSR676IWT	pgp1_1_1	pgp1	PGP1	iPSC	dish		cell_line	#1F709A		ENCFF846YHI	ENCFF251CBB	ENCFF601FEJ	https://www.encodeproject.org/documents/7ec9d66a-3b7e-4183-8677-e1df14770b44/	'ENCODE Long Read RNA-Seq Analysis Protocol for Human Samples (v.1.0)'	Pacific Biosciences Sequel	10.0	False	730349	False		
ENCSR676IWT	pgp1_1_2	pgp1	PGP1	iPSC	dish		cell_line	#1F709A		ENCFF049QGQ	ENCFF954UFG	ENCFF840GRV	https://www.encodeproject.org/documents/7ec9d66a-3b7e-4183-8677-e1df14770b44/	'ENCODE Long Read RNA-Seq Analysis Protocol for Human Samples (v.1.0)'	Pacific Biosciences Sequel	10.0	False	790050	False		
ENCSR071IHY	pgp1_astro_1_1	pgp1_astro	PGP1-derived astrocytes	Astrocyte	brain		cell_line	#278D89	cortex,cortex_14d,cortex_18-20mo,cortex_2mo,hippocampus,hippocampus_14d,hippocampus_18-20mo,hippocampus_2mo	ENCFF319FBW	ENCFF316EZQ	ENCFF672WCL	https://www.encodeproject.org/documents/3baa46d2-cb88-4608-8877-70596d200489/ , https://www.encodeproject.org/documents/81af563b-5134-4f78-9bc4-41cb42cc6a48/	'PacBio libraries v3 (October, 2020) Protocol to build non-size selected cDNA libraries for Pacific Biosciences long-read sequencing Version 3.0 (October, 2020)', 'ENCODE Long Read RNA-Seq Analysis Protocol for HumanSamples (v3.0)'	Pacific Biosciences Sequel II		True	788494	False	ENCSR759PLA,ENCSR156CIL	SIRV4,ERCC
ENCSR071IHY	pgp1_astro_1_2	pgp1_astro	PGP1-derived astrocytes	Astrocyte	brain		cell_line	#278D89	cortex,cortex_14d,cortex_18-20mo,cortex_2mo,hippocampus,hippocampus_14d,hippocampus_18-20mo,hippocampus_2mo	ENCFF992ZVE	ENCFF474GEK	ENCFF011XVU	https://www.encodeproject.org/documents/3baa46d2-cb88-4608-8877-70596d200489/ , https://www.encodeproject.org/documents/81af563b-5134-4f78-9bc4-41cb42cc6a48/	'PacBio libraries v3 (October, 2020) Protocol to build non-size selected cDNA libraries for Pacific Biosciences long-read sequencing Version 3.0 (October, 2020)', 'ENCODE Long Read RNA-Seq Analysis Protocol for HumanSamples (v3.0)'	Pacific Biosciences Sequel II		True	455052	False	ENCSR759PLA,ENCSR156CIL	SIRV4,ERCC
ENCSR148IIG	pgp1_endo_1_1	pgp1_endo	PGP1-derived endothelial	Endothelial	dish		cell_line	#4FA770		ENCFF100RGC	ENCFF595PPR	ENCFF155FLU	https://www.encodeproject.org/documents/2297237f-dfb0-424d-a386-c350ffe8dbe3/	'cDNA libraries from brain for use in Illumina NextSeq 500 sequencing v1'	Pacific Biosciences Sequel	10.0	False	696271	False		
ENCSR148IIG	pgp1_endo_1_2	pgp1_endo	PGP1-derived endothelial	Endothelial	dish		cell_line	#4FA770		ENCFF927MKK	ENCFF770DXN	ENCFF295PZY	https://www.encodeproject.org/documents/2297237f-dfb0-424d-a386-c350ffe8dbe3/	'cDNA libraries from brain for use in Illumina NextSeq 500 sequencing v1'	Pacific Biosciences Sequel	10.0	False	601739	False		
ENCSR257JBF	pgp1_excite_neuron_1_1	pgp1_excite_neuron	PGP1-derived excitatory neurons	Exc_Neuron	brain		cell_line	#92C051	cortex,cortex_14d,cortex_18-20mo,cortex_2mo,hippocampus,hippocampus_14d,hippocampus_18-20mo,hippocampus_2mo	ENCFF772MSZ	ENCFF982WKN	ENCFF826VUW	https://www.encodeproject.org/documents/7ec9d66a-3b7e-4183-8677-e1df14770b44/	'ENCODE Long Read RNA-Seq Analysis Protocol for Human Samples (v.1.0)'	Pacific Biosciences Sequel	10.0	False	689480	False		
ENCSR257JBF	pgp1_excite_neuron_1_2	pgp1_excite_neuron	PGP1-derived excitatory neurons	Exc_Neuron	brain		cell_line	#92C051	cortex,cortex_14d,cortex_18-20mo,cortex_2mo,hippocampus,hippocampus_14d,hippocampus_18-20mo,hippocampus_2mo	ENCFF117DUA	ENCFF919JFJ	ENCFF451GPX	https://www.encodeproject.org/documents/7ec9d66a-3b7e-4183-8677-e1df14770b44/	'ENCODE Long Read RNA-Seq Analysis Protocol for Human Samples (v.1.0)'	Pacific Biosciences Sequel	10.0	False	631095	False		
ENCSR138TAS	posterior_vena_cava_1_1	vessels	Vessels	vessels	vessels		tissue	#e48171		ENCFF472TSL	ENCFF658OZB	ENCFF798BHO	https://www.encodeproject.org/documents/0a54a6da-ddb4-44bd-af95-2cd02754aa93/ , https://www.encodeproject.org/documents/77db752f-abf7-4c93-a460-510464134f52/	'ENCODE Long Read RNA-Seq Analysis Protocol for Human Samples (v3.1)', 'PacBio LongRead 2.0'	Pacific Biosciences Sequel II		True	1299619	False	ENCSR089MWE,ENCSR156CIL	SIRV,ERCC
ENCSR853YZN	posterior_vena_cava_2_1	vessels	Vessels	vessels	vessels		tissue	#e48171		ENCFF693YCD	ENCFF960KBO	ENCFF710OYJ	https://www.encodeproject.org/documents/77db752f-abf7-4c93-a460-510464134f52/ , https://www.encodeproject.org/documents/81af563b-5134-4f78-9bc4-41cb42cc6a48/	'PacBio LongRead 2.0', 'ENCODE Long Read RNA-Seq Analysis Protocol for HumanSamples (v3.0)'	Pacific Biosciences Sequel II		True	511706	False	ENCSR089MWE,ENCSR156CIL	SIRV,ERCC
ENCSR243DYK	psoas_muscle_1_1	muscle	Muscle	muscle	muscle		tissue	#f6b3b0	c2c12_myoblast,c2c12_myotube,forelimb_e11,forelimb_e13,gastroc_10d,gastroc_14d,gastroc_18-20mo,gastroc_25d,gastroc_2mo,gastroc_36d,gastroc_4d	ENCFF698UNA	ENCFF750LYC	ENCFF993HIM	https://www.encodeproject.org/documents/c4b8952c-d9f1-42e7-8ea5-54659d14f46b/ , https://www.encodeproject.org/documents/77db752f-abf7-4c93-a460-510464134f52/ , https://www.encodeproject.org/documents/81af563b-5134-4f78-9bc4-41cb42cc6a48/	'Human Flash Frozen', 'PacBio LongRead 2.0', 'ENCODE Long Read RNA-Seq Analysis Protocol for HumanSamples (v3.0)'	Pacific Biosciences Sequel II		True	1508710	True	ENCSR089MWE,ENCSR156CIL	SIRV,ERCC
ENCSR803QWH	psoas_muscle_2_1	muscle	Muscle	muscle	muscle		tissue	#f6b3b0	c2c12_myoblast,c2c12_myotube,forelimb_e11,forelimb_e13,gastroc_10d,gastroc_14d,gastroc_18-20mo,gastroc_25d,gastroc_2mo,gastroc_36d,gastroc_4d	ENCFF193WEX	ENCFF630XEC	ENCFF947ICH	https://www.encodeproject.org/documents/0a54a6da-ddb4-44bd-af95-2cd02754aa93/ , https://www.encodeproject.org/documents/3baa46d2-cb88-4608-8877-70596d200489/ , https://www.encodeproject.org/documents/c4b8952c-d9f1-42e7-8ea5-54659d14f46b/	'ENCODE Long Read RNA-Seq Analysis Protocol for Human Samples (v3.1)', 'PacBio libraries v3 (October, 2020) Protocol to build non-size selected cDNA libraries for Pacific Biosciences long-read sequencing Version 3.0 (October, 2020)', 'Human Flash Frozen'	Pacific Biosciences Sequel II	9.0	True	731284	True	ENCSR089MWE,ENCSR156CIL	SIRV,ERCC
ENCSR435UUS	right_cardiac_atrium_1_1	heart	Heart	heart	heart		tissue	#bf3729	heart_14d,heart_18-20mo,heart_2mo	ENCFF291EKY	ENCFF242WRZ	ENCFF330VRX	https://www.encodeproject.org/documents/0a54a6da-ddb4-44bd-af95-2cd02754aa93/ , https://www.encodeproject.org/documents/3baa46d2-cb88-4608-8877-70596d200489/ , https://www.encodeproject.org/documents/c4b8952c-d9f1-42e7-8ea5-54659d14f46b/	'ENCODE Long Read RNA-Seq Analysis Protocol for Human Samples (v3.1)', 'PacBio libraries v3 (October, 2020) Protocol to build non-size selected cDNA libraries for Pacific Biosciences long-read sequencing Version 3.0 (October, 2020)', 'Human Flash Frozen'	Pacific Biosciences Sequel II	9.0	True	727828	True	ENCSR156CIL,ENCSR089MWE	ERCC,SIRV
ENCSR514YQN	right_cardiac_atrium_2_1	heart	Heart	heart	heart		tissue	#bf3729	heart_14d,heart_18-20mo,heart_2mo	ENCFF613SDS	ENCFF722JJS	ENCFF592ULG	https://www.encodeproject.org/documents/0a54a6da-ddb4-44bd-af95-2cd02754aa93/ , https://www.encodeproject.org/documents/3baa46d2-cb88-4608-8877-70596d200489/ , https://www.encodeproject.org/documents/c4b8952c-d9f1-42e7-8ea5-54659d14f46b/	'ENCODE Long Read RNA-Seq Analysis Protocol for Human Samples (v3.1)', 'PacBio libraries v3 (October, 2020) Protocol to build non-size selected cDNA libraries for Pacific Biosciences long-read sequencing Version 3.0 (October, 2020)', 'Human Flash Frozen'	Pacific Biosciences Sequel II	9.0	True	751076	True	ENCSR156CIL,ENCSR089MWE	ERCC,SIRV
ENCSR553SVP	right_cardiac_atrium_3_1	heart	Heart	heart	heart		tissue	#bf3729	heart_14d,heart_18-20mo,heart_2mo	ENCFF911RNV	ENCFF899MTI	ENCFF819CFZ	https://www.encodeproject.org/documents/0a54a6da-ddb4-44bd-af95-2cd02754aa93/ , https://www.encodeproject.org/documents/c4b8952c-d9f1-42e7-8ea5-54659d14f46b/ , https://www.encodeproject.org/documents/77db752f-abf7-4c93-a460-510464134f52/	'ENCODE Long Read RNA-Seq Analysis Protocol for Human Samples (v3.1)', 'Human Flash Frozen', 'PacBio LongRead 2.0'	Pacific Biosciences Sequel II		True	2370290	True	ENCSR089MWE,ENCSR156CIL	SIRV,ERCC
ENCSR728TXV	right_cardiac_atrium_4_1	heart	Heart	heart	heart		tissue	#bf3729	heart_14d,heart_18-20mo,heart_2mo	ENCFF875QHC	ENCFF905RVF	ENCFF548VFY	https://www.encodeproject.org/documents/c4b8952c-d9f1-42e7-8ea5-54659d14f46b/ , https://www.encodeproject.org/documents/77db752f-abf7-4c93-a460-510464134f52/ , https://www.encodeproject.org/documents/81af563b-5134-4f78-9bc4-41cb42cc6a48/	'Human Flash Frozen', 'PacBio LongRead 2.0', 'ENCODE Long Read RNA-Seq Analysis Protocol for HumanSamples (v3.0)'	Pacific Biosciences Sequel II		True	1492063	True	ENCSR089MWE,ENCSR156CIL	SIRV,ERCC
ENCSR293MOX	right_lobe_of_liver_1_1	liver	Liver	liver	liver		tissue	#ada43b		ENCFF158KCA	ENCFF318SKH	ENCFF430RUG	https://www.encodeproject.org/documents/7ec9d66a-3b7e-4183-8677-e1df14770b44/	'ENCODE Long Read RNA-Seq Analysis Protocol for Human Samples (v.1.0)'	Pacific Biosciences Sequel	8.7	False	613529	True		
ENCSR657HJW	right_lobe_of_liver_2_1	liver	Liver	liver	liver		tissue	#ada43b		ENCFF074WRN	ENCFF306ZPP	ENCFF425JER	https://www.encodeproject.org/documents/54012fc3-644e-49af-97e4-888226753fd9/ , https://www.encodeproject.org/documents/c4b8952c-d9f1-42e7-8ea5-54659d14f46b/ , https://www.encodeproject.org/documents/77db752f-abf7-4c93-a460-510464134f52/	'non-size selected cDNA libraries for use in PacBio sequencing v1', 'Human Flash Frozen', 'PacBio LongRead 2.0'	Pacific Biosciences Sequel	9.3	False	507703	True		
ENCSR591OZR	right_ventricle_myocardium_inferior_1_1	heart	Heart	heart	heart		tissue	#bf3729	heart_14d,heart_18-20mo,heart_2mo	ENCFF173JOL	ENCFF738UZJ	ENCFF656BTN	https://www.encodeproject.org/documents/0a54a6da-ddb4-44bd-af95-2cd02754aa93/ , https://www.encodeproject.org/documents/3baa46d2-cb88-4608-8877-70596d200489/ , https://www.encodeproject.org/documents/c4b8952c-d9f1-42e7-8ea5-54659d14f46b/	'ENCODE Long Read RNA-Seq Analysis Protocol for Human Samples (v3.1)', 'PacBio libraries v3 (October, 2020) Protocol to build non-size selected cDNA libraries for Pacific Biosciences long-read sequencing Version 3.0 (October, 2020)', 'Human Flash Frozen'	Pacific Biosciences Sequel II	8.0	True	647734	True	ENCSR156CIL,ENCSR089MWE	ERCC,SIRV
ENCSR899GAP	right_ventricle_myocardium_superior_1_1	heart	Heart	heart	heart		tissue	#bf3729	heart_14d,heart_18-20mo,heart_2mo	ENCFF840OVC	ENCFF665LBS	ENCFF717ARV	https://www.encodeproject.org/documents/0a54a6da-ddb4-44bd-af95-2cd02754aa93/ , https://www.encodeproject.org/documents/3baa46d2-cb88-4608-8877-70596d200489/ , https://www.encodeproject.org/documents/c4b8952c-d9f1-42e7-8ea5-54659d14f46b/	'ENCODE Long Read RNA-Seq Analysis Protocol for Human Samples (v3.1)', 'PacBio libraries v3 (October, 2020) Protocol to build non-size selected cDNA libraries for Pacific Biosciences long-read sequencing Version 3.0 (October, 2020)', 'Human Flash Frozen'	Pacific Biosciences Sequel II	8.0	True	1560166	True	ENCSR156CIL,ENCSR089MWE	ERCC,SIRV
ENCSR096QUP	upper_lobe_of_right_lung_1_1	lung	Lung	lung	lung		tissue	#6c5d9e		ENCFF449MVA	ENCFF934MBW	ENCFF835YYO	https://www.encodeproject.org/documents/3baa46d2-cb88-4608-8877-70596d200489/ , https://www.encodeproject.org/documents/c4b8952c-d9f1-42e7-8ea5-54659d14f46b/ , https://www.encodeproject.org/documents/81af563b-5134-4f78-9bc4-41cb42cc6a48/	'PacBio libraries v3 (October, 2020) Protocol to build non-size selected cDNA libraries for Pacific Biosciences long-read sequencing Version 3.0 (October, 2020)', 'Human Flash Frozen', 'ENCODE Long Read RNA-Seq Analysis Protocol for HumanSamples (v3.0)'	Pacific Biosciences Sequel II	8.0	True	1445367	True	ENCSR089MWE,ENCSR156CIL	SIRV,ERCC
ENCSR507JOF	wtc11_1_1	wtc11	WTC11	iPSC	dish		cell_line	#ce661e	f1219	ENCFF373TKM	ENCFF563QZR	ENCFF166IXJ	https://www.encodeproject.org/documents/81af563b-5134-4f78-9bc4-41cb42cc6a48/ , https://www.encodeproject.org/documents/e909542d-44c0-4bee-9aac-4d41a0b768db/ , https://www.encodeproject.org/documents/53196858-d826-458a-8232-22e4b7c2d653/	'ENCODE Long Read RNA-Seq Analysis Protocol for HumanSamples (v3.0)', 'Protocol to add 5’ cap structures to exogenous synthetic RNA references (spike-ins) 1.0', 'Long read cDNA prep with Maxima H'	Pacific Biosciences Sequel II		True	2332639	False	ENCSR759PLA,ENCSR652YYV	SIRV4,LRGASP ERCC
ENCSR507JOF	wtc11_1_2	wtc11	WTC11	iPSC	dish		cell_line	#ce661e	f1219	ENCFF985LGZ	ENCFF370NFS	ENCFF169CBQ	https://www.encodeproject.org/documents/81af563b-5134-4f78-9bc4-41cb42cc6a48/ , https://www.encodeproject.org/documents/e909542d-44c0-4bee-9aac-4d41a0b768db/ , https://www.encodeproject.org/documents/53196858-d826-458a-8232-22e4b7c2d653/	'ENCODE Long Read RNA-Seq Analysis Protocol for HumanSamples (v3.0)', 'Protocol to add 5’ cap structures to exogenous synthetic RNA references (spike-ins) 1.0', 'Long read cDNA prep with Maxima H'	Pacific Biosciences Sequel II		True	1358180	False	ENCSR759PLA,ENCSR652YYV	SIRV4,LRGASP ERCC
ENCSR507JOF	wtc11_1_3	wtc11	WTC11	iPSC	dish		cell_line	#ce661e	f1219	ENCFF388HXU	ENCFF245IPA	ENCFF708JUG	https://www.encodeproject.org/documents/81af563b-5134-4f78-9bc4-41cb42cc6a48/ , https://www.encodeproject.org/documents/e909542d-44c0-4bee-9aac-4d41a0b768db/ , https://www.encodeproject.org/documents/53196858-d826-458a-8232-22e4b7c2d653/	'ENCODE Long Read RNA-Seq Analysis Protocol for HumanSamples (v3.0)', 'Protocol to add 5’ cap structures to exogenous synthetic RNA references (spike-ins) 1.0', 'Long read cDNA prep with Maxima H'	Pacific Biosciences Sequel II		True	2851975	False	ENCSR759PLA,ENCSR652YYV	SIRV4,LRGASP ERCC
