experiment	library	status	lab	description	document_labels	document_urls	platform	RIN	spikeins	biosample_ontology	biosample_term	organism	subcellular_fraction
ENCSR989ZYL	ENCLB767XEK	released	UCI	"""ENC4_509 , ENC4_510 A673 rep1 human Ewing sarcoma (bone or soft tissue sarcoma)"""	'ENCODE Long Read RNA-Seq Analysis Protocol for Human Samples (v3.2)', 'PacBio libraries v3 (October, 2020) Protocol to build non-size selected cDNA libraries for Pacific Biosciences long-read sequencing Version 3.0 (October, 2020)'	https://www.encodeproject.org/documents/6d583a1d-d692-4511-b13b-c051822d861c/ , https://www.encodeproject.org/documents/3baa46d2-cb88-4608-8877-70596d200489/	Pacific Biosciences Sequel II	9.8	/references/ENCSR156CIL/ , /references/ENCSR759PLA/	/biosample-types/cell_line_EFO_0002106/	A673	human	whole cell
ENCSR989ZYL	ENCLB767XEK	released	UCI	"""ENC4_509 , ENC4_510 A673 rep1 human Ewing sarcoma (bone or soft tissue sarcoma)"""	'ENCODE Long Read RNA-Seq Analysis Protocol for Human Samples (v3.2)', 'PacBio libraries v3 (October, 2020) Protocol to build non-size selected cDNA libraries for Pacific Biosciences long-read sequencing Version 3.0 (October, 2020)'	https://www.encodeproject.org/documents/6d583a1d-d692-4511-b13b-c051822d861c/ , https://www.encodeproject.org/documents/3baa46d2-cb88-4608-8877-70596d200489/	Pacific Biosciences Sequel II	9.8	/references/ENCSR156CIL/ , /references/ENCSR759PLA/	/biosample-types/cell_line_EFO_0002106/	A673	human	whole cell
ENCSR081NRO	ENCLB945ZXA	released	UCI	Adrenal Gland 1-2 ENTEX50	'non-size selected cDNA libraries for use in PacBio sequencing v1', 'PacBio LongRead 2.0'	https://www.encodeproject.org/documents/54012fc3-644e-49af-97e4-888226753fd9/ , https://www.encodeproject.org/documents/77db752f-abf7-4c93-a460-510464134f52/	Pacific Biosciences Sequel	9.8		/biosample-types/tissue_UBERON_0002369/	adrenal gland	human	whole cell
ENCSR563RLX	ENCLB748SEP	released	UCI	ENC4_29 W61 adrenal gland	'PacBio libraries v3 (October, 2020) Protocol to build non-size selected cDNA libraries for Pacific Biosciences long-read sequencing Version 3.0 (October, 2020)', 'Human Flash Frozen', 'ENCODE Long Read RNA-Seq Analysis Protocol for HumanSamples (v3.0)'	https://www.encodeproject.org/documents/3baa46d2-cb88-4608-8877-70596d200489/ , https://www.encodeproject.org/documents/c4b8952c-d9f1-42e7-8ea5-54659d14f46b/ , https://www.encodeproject.org/documents/81af563b-5134-4f78-9bc4-41cb42cc6a48/	Pacific Biosciences Sequel II		/references/ENCSR759PLA/ , /references/ENCSR156CIL/	/biosample-types/tissue_UBERON_0002369/	adrenal gland	human	whole cell
ENCSR995WKW	ENCLB699OTN	released	UCI	Adrenal Gland 2-1 ENTEX51	'non-size selected cDNA libraries for use in PacBio sequencing v1', 'PacBio LongRead 2.0'	https://www.encodeproject.org/documents/54012fc3-644e-49af-97e4-888226753fd9/ , https://www.encodeproject.org/documents/77db752f-abf7-4c93-a460-510464134f52/	Pacific Biosciences Sequel	9.4		/biosample-types/tissue_UBERON_0002369/	adrenal gland	human	whole cell
ENCSR425HFS	ENCLB327LXM	released	UCI	ENC4_103 W73 aorta	'ENCODE Long Read RNA-Seq Analysis Protocol for Human Samples (v3.1)', 'PacBio LongRead 2.0'	https://www.encodeproject.org/documents/0a54a6da-ddb4-44bd-af95-2cd02754aa93/ , https://www.encodeproject.org/documents/77db752f-abf7-4c93-a460-510464134f52/	Pacific Biosciences Sequel II		/references/ENCSR089MWE/ , /references/ENCSR156CIL/	/biosample-types/tissue_UBERON_0000947/	aorta	human	whole cell
ENCSR700EBI	ENCLB084SNO	released	UCI	W61 aorta ENC4_88	'Human Flash Frozen', 'PacBio LongRead 2.0', 'ENCODE Long Read RNA-Seq Analysis Protocol for HumanSamples (v3.0)'	https://www.encodeproject.org/documents/c4b8952c-d9f1-42e7-8ea5-54659d14f46b/ , https://www.encodeproject.org/documents/77db752f-abf7-4c93-a460-510464134f52/ , https://www.encodeproject.org/documents/81af563b-5134-4f78-9bc4-41cb42cc6a48/	Pacific Biosciences Sequel II		/references/ENCSR089MWE/ , /references/ENCSR156CIL/	/biosample-types/tissue_UBERON_0000947/	aorta	human	whole cell
ENCSR094NFM	ENCLB770MYB	released	UCI	RUSH brain E4368365	'ENCODE Long Read RNA-Seq Analysis Protocol for Human Samples (v3.2)', 'High resolution pathology image', 'PacBio libraries v3 (October, 2020) Protocol to build non-size selected cDNA libraries for Pacific Biosciences long-read sequencing Version 3.0 (October, 2020)'	https://www.encodeproject.org/documents/6d583a1d-d692-4511-b13b-c051822d861c/ , https://www.encodeproject.org/documents/dcd089f6-fc01-4afa-8769-ed5e0a1b0db3/ , https://www.encodeproject.org/documents/3baa46d2-cb88-4608-8877-70596d200489/	Pacific Biosciences Sequel II	7.7	/references/ENCSR759PLA/ , /references/ENCSR156CIL/	/biosample-types/tissue_UBERON_0009834/	dorsolateral prefrontal cortex	human	whole cell
ENCSR169YNI	ENCLB779KWV	released	UCI	RUSH brain E7461192	'ENCODE Long Read RNA-Seq Analysis Protocol for Human Samples (v3.2)', 'PacBio libraries v3 (October, 2020) Protocol to build non-size selected cDNA libraries for Pacific Biosciences long-read sequencing Version 3.0 (October, 2020)', 'High resolution pathology image'	https://www.encodeproject.org/documents/6d583a1d-d692-4511-b13b-c051822d861c/ , https://www.encodeproject.org/documents/3baa46d2-cb88-4608-8877-70596d200489/ , https://www.encodeproject.org/documents/d3cf9d5c-c299-465d-a159-d5ab91467f7b/	Pacific Biosciences Sequel II	6.8	/references/ENCSR759PLA/ , /references/ENCSR156CIL/	/biosample-types/tissue_UBERON_0009834/	dorsolateral prefrontal cortex	human	whole cell
ENCSR205QMF	ENCLB012IWP	released	UCI	RUSH brain E5115600	'ENCODE Long Read RNA-Seq Analysis Protocol for Human Samples (v3.2)', 'PacBio libraries v3 (October, 2020) Protocol to build non-size selected cDNA libraries for Pacific Biosciences long-read sequencing Version 3.0 (October, 2020)', 'High resolution pathology image'	https://www.encodeproject.org/documents/6d583a1d-d692-4511-b13b-c051822d861c/ , https://www.encodeproject.org/documents/3baa46d2-cb88-4608-8877-70596d200489/ , https://www.encodeproject.org/documents/ecd67559-64eb-4f1e-99ea-48309e99c3da/	Pacific Biosciences Sequel II	7.4	/references/ENCSR759PLA/ , /references/ENCSR156CIL/	/biosample-types/tissue_UBERON_0009834/	dorsolateral prefrontal cortex	human	whole cell
ENCSR257YUB	ENCLB728VLY	released	UCI	RUSH brain E4368365	'High resolution pathology image', 'ENCODE Long Read RNA-Seq Analysis Protocol for Human Samples (v3.2)', 'PacBio libraries v3 (October, 2020) Protocol to build non-size selected cDNA libraries for Pacific Biosciences long-read sequencing Version 3.0 (October, 2020)'	https://www.encodeproject.org/documents/e90eb56a-f890-4795-a0cc-7c14080ce557/ , https://www.encodeproject.org/documents/6d583a1d-d692-4511-b13b-c051822d861c/ , https://www.encodeproject.org/documents/3baa46d2-cb88-4608-8877-70596d200489/	Pacific Biosciences Sequel II	7.2	/references/ENCSR759PLA/ , /references/ENCSR156CIL/	/biosample-types/tissue_UBERON_0009834/	dorsolateral prefrontal cortex	human	whole cell
ENCSR316ZTD	ENCLB376UFG	released	UCI	RUSH brain E6207143	'ENCODE Long Read RNA-Seq Analysis Protocol for Human Samples (v3.2)', 'PacBio libraries v3 (October, 2020) Protocol to build non-size selected cDNA libraries for Pacific Biosciences long-read sequencing Version 3.0 (October, 2020)', 'High resolution pathology image'	https://www.encodeproject.org/documents/6d583a1d-d692-4511-b13b-c051822d861c/ , https://www.encodeproject.org/documents/3baa46d2-cb88-4608-8877-70596d200489/ , https://www.encodeproject.org/documents/e7fcb862-1047-4990-a975-fcb3d71528f2/	Pacific Biosciences Sequel II	7.4	/references/ENCSR759PLA/ , /references/ENCSR156CIL/	/biosample-types/tissue_UBERON_0009834/	dorsolateral prefrontal cortex	human	whole cell
ENCSR462COR	ENCLB497QJE	released	UCI	RUSH brain E3348003	'ENCODE Long Read RNA-Seq Analysis Protocol for Human Samples (v3.2)', 'PacBio libraries v3 (October, 2020) Protocol to build non-size selected cDNA libraries for Pacific Biosciences long-read sequencing Version 3.0 (October, 2020)', 'High resolution pathology image'	https://www.encodeproject.org/documents/6d583a1d-d692-4511-b13b-c051822d861c/ , https://www.encodeproject.org/documents/3baa46d2-cb88-4608-8877-70596d200489/ , https://www.encodeproject.org/documents/b556e2c0-6d3e-40d0-8d7f-37bdc59a3134/	Pacific Biosciences Sequel II	7.3	/references/ENCSR759PLA/ , /references/ENCSR156CIL/	/biosample-types/tissue_UBERON_0009834/	dorsolateral prefrontal cortex	human	whole cell
ENCSR463IDK	ENCLB217GZS	released	UCI	RUSH brain E5194210	'ENCODE Long Read RNA-Seq Analysis Protocol for Human Samples (v3.2)', 'High resolution pathology image', 'PacBio libraries v3 (October, 2020) Protocol to build non-size selected cDNA libraries for Pacific Biosciences long-read sequencing Version 3.0 (October, 2020)'	https://www.encodeproject.org/documents/6d583a1d-d692-4511-b13b-c051822d861c/ , https://www.encodeproject.org/documents/d4da5f7c-d3f4-4e28-97b0-d901a4562ee2/ , https://www.encodeproject.org/documents/3baa46d2-cb88-4608-8877-70596d200489/	Pacific Biosciences Sequel II	7.6	/references/ENCSR759PLA/ , /references/ENCSR156CIL/	/biosample-types/tissue_UBERON_0009834/	dorsolateral prefrontal cortex	human	whole cell
ENCSR690QHM	ENCLB807KIT	released	UCI	RUSH brain E6341028	'ENCODE Long Read RNA-Seq Analysis Protocol for Human Samples (v3.2)', 'PacBio libraries v3 (October, 2020) Protocol to build non-size selected cDNA libraries for Pacific Biosciences long-read sequencing Version 3.0 (October, 2020)', 'High resolution pathology image'	https://www.encodeproject.org/documents/6d583a1d-d692-4511-b13b-c051822d861c/ , https://www.encodeproject.org/documents/3baa46d2-cb88-4608-8877-70596d200489/ , https://www.encodeproject.org/documents/22a7ff37-9393-4019-a4b7-a356bc8036a4/	Pacific Biosciences Sequel II	7.9	/references/ENCSR759PLA/ , /references/ENCSR156CIL/	/biosample-types/tissue_UBERON_0009834/	dorsolateral prefrontal cortex	human	whole cell
ENCSR697ASE	ENCLB680WQI	released	UCI	RUSH brain E7948794	'ENCODE Long Read RNA-Seq Analysis Protocol for Human Samples (v3.2)', 'PacBio libraries v3 (October, 2020) Protocol to build non-size selected cDNA libraries for Pacific Biosciences long-read sequencing Version 3.0 (October, 2020)', 'High resolution pathology image'	https://www.encodeproject.org/documents/6d583a1d-d692-4511-b13b-c051822d861c/ , https://www.encodeproject.org/documents/3baa46d2-cb88-4608-8877-70596d200489/ , https://www.encodeproject.org/documents/303304f2-2bb7-4ca9-9a6e-3a41989d7ed6/	Pacific Biosciences Sequel II	7.7	/references/ENCSR759PLA/ , /references/ENCSR156CIL/	/biosample-types/tissue_UBERON_0009834/	dorsolateral prefrontal cortex	human	whole cell
ENCSR580IDG	ENCLB315YZP	released	UCI	"""ENC4_511, ENC4_512 Caco-2 rep1 human colorectal adenocarcinoma (epithelial)"""	'ENCODE Long Read RNA-Seq Analysis Protocol for Human Samples (v3.2)', 'PacBio libraries v3 (October, 2020) Protocol to build non-size selected cDNA libraries for Pacific Biosciences long-read sequencing Version 3.0 (October, 2020)'	https://www.encodeproject.org/documents/6d583a1d-d692-4511-b13b-c051822d861c/ , https://www.encodeproject.org/documents/3baa46d2-cb88-4608-8877-70596d200489/	Pacific Biosciences Sequel II	9.7	/references/ENCSR156CIL/ , /references/ENCSR759PLA/	/biosample-types/cell_line_EFO_0001099/	Caco-2	human	whole cell
ENCSR580IDG	ENCLB315YZP	released	UCI	"""ENC4_511, ENC4_512 Caco-2 rep1 human colorectal adenocarcinoma (epithelial)"""	'ENCODE Long Read RNA-Seq Analysis Protocol for Human Samples (v3.2)', 'PacBio libraries v3 (October, 2020) Protocol to build non-size selected cDNA libraries for Pacific Biosciences long-read sequencing Version 3.0 (October, 2020)'	https://www.encodeproject.org/documents/6d583a1d-d692-4511-b13b-c051822d861c/ , https://www.encodeproject.org/documents/3baa46d2-cb88-4608-8877-70596d200489/	Pacific Biosciences Sequel II	9.7	/references/ENCSR156CIL/ , /references/ENCSR759PLA/	/biosample-types/cell_line_EFO_0001099/	Caco-2	human	whole cell
ENCSR583KCB	ENCLB814UZZ	released	UCI	"""ENC4_513, ENC4_514 Calu-3 rep1 human non-small cell lung cancer (epithelial)"""	'ENCODE Long Read RNA-Seq Analysis Protocol for Human Samples (v3.2)', 'PacBio libraries v3 (October, 2020) Protocol to build non-size selected cDNA libraries for Pacific Biosciences long-read sequencing Version 3.0 (October, 2020)'	https://www.encodeproject.org/documents/6d583a1d-d692-4511-b13b-c051822d861c/ , https://www.encodeproject.org/documents/3baa46d2-cb88-4608-8877-70596d200489/	Pacific Biosciences Sequel II	9.4	/references/ENCSR156CIL/ , /references/ENCSR759PLA/	/biosample-types/cell_line_EFO_0002819/	Calu3	human	whole cell
ENCSR583KCB	ENCLB814UZZ	released	UCI	"""ENC4_513, ENC4_514 Calu-3 rep1 human non-small cell lung cancer (epithelial)"""	'ENCODE Long Read RNA-Seq Analysis Protocol for Human Samples (v3.2)', 'PacBio libraries v3 (October, 2020) Protocol to build non-size selected cDNA libraries for Pacific Biosciences long-read sequencing Version 3.0 (October, 2020)'	https://www.encodeproject.org/documents/6d583a1d-d692-4511-b13b-c051822d861c/ , https://www.encodeproject.org/documents/3baa46d2-cb88-4608-8877-70596d200489/	Pacific Biosciences Sequel II	9.4	/references/ENCSR156CIL/ , /references/ENCSR759PLA/	/biosample-types/cell_line_EFO_0002819/	Calu3	human	whole cell
ENCSR549ELD	ENCLB530WHJ	released	UCI	W61 cardiac septum ENC4_92	'PacBio LongRead 2.0', 'ENCODE Long Read RNA-Seq Analysis Protocol for HumanSamples (v3.0)'	https://www.encodeproject.org/documents/77db752f-abf7-4c93-a460-510464134f52/ , https://www.encodeproject.org/documents/81af563b-5134-4f78-9bc4-41cb42cc6a48/	Pacific Biosciences Sequel II		/references/ENCSR089MWE/ , /references/ENCSR156CIL/	/biosample-types/tissue_UBERON_0002099/	cardiac septum	human	whole cell
ENCSR706ANY	ENCLB133UBC	released	UCI	Homo sapiens GM12878 immortalized cell line	'ENCODE PacBio Iso-seq Analysis Protocol (v.1.0)', 'ENCODE Long Read RNA-Seq Analysis Protocol for Human Samples (v.1.0)'	https://www.encodeproject.org/documents/fc272a30-b9a5-4652-b255-424b61d4587b/ , https://www.encodeproject.org/documents/7ec9d66a-3b7e-4183-8677-e1df14770b44/	Pacific Biosciences Sequel			/biosample-types/cell_line_EFO_0002784/	GM12878	human	whole cell
ENCSR706ANY	ENCLB133UBC	released	UCI	Homo sapiens GM12878 immortalized cell line	'ENCODE PacBio Iso-seq Analysis Protocol (v.1.0)', 'ENCODE Long Read RNA-Seq Analysis Protocol for Human Samples (v.1.0)'	https://www.encodeproject.org/documents/fc272a30-b9a5-4652-b255-424b61d4587b/ , https://www.encodeproject.org/documents/7ec9d66a-3b7e-4183-8677-e1df14770b44/	Pacific Biosciences Sequel			/biosample-types/cell_line_EFO_0002784/	GM12878	human	whole cell
ENCSR706ANY	ENCLB133UBC	released	UCI	Homo sapiens GM12878 immortalized cell line	'ENCODE PacBio Iso-seq Analysis Protocol (v.1.0)', 'ENCODE Long Read RNA-Seq Analysis Protocol for Human Samples (v.1.0)'	https://www.encodeproject.org/documents/fc272a30-b9a5-4652-b255-424b61d4587b/ , https://www.encodeproject.org/documents/7ec9d66a-3b7e-4183-8677-e1df14770b44/	Pacific Biosciences Sequel			/biosample-types/cell_line_EFO_0002784/	GM12878	human	whole cell
ENCSR706ANY	ENCLB133UBC	released	UCI	Homo sapiens GM12878 immortalized cell line	'ENCODE PacBio Iso-seq Analysis Protocol (v.1.0)', 'ENCODE Long Read RNA-Seq Analysis Protocol for Human Samples (v.1.0)'	https://www.encodeproject.org/documents/fc272a30-b9a5-4652-b255-424b61d4587b/ , https://www.encodeproject.org/documents/7ec9d66a-3b7e-4183-8677-e1df14770b44/	Pacific Biosciences Sequel			/biosample-types/cell_line_EFO_0002784/	GM12878	human	whole cell
ENCSR838WFC	ENCLB200YVA	released	UCI	Homo sapiens GM12878 immortalized cell line	'PacBio LongRead 2.0', 'ENCODE Long Read RNA-Seq Analysis Protocol for HumanSamples (v3.0)'	https://www.encodeproject.org/documents/77db752f-abf7-4c93-a460-510464134f52/ , https://www.encodeproject.org/documents/81af563b-5134-4f78-9bc4-41cb42cc6a48/	Pacific Biosciences Sequel II		/references/ENCSR089MWE/ , /references/ENCSR156CIL/	/biosample-types/cell_line_EFO_0002784/	GM12878	human	whole cell
ENCSR838WFC	ENCLB200YVA	released	UCI	Homo sapiens GM12878 immortalized cell line	'PacBio LongRead 2.0', 'ENCODE Long Read RNA-Seq Analysis Protocol for HumanSamples (v3.0)'	https://www.encodeproject.org/documents/77db752f-abf7-4c93-a460-510464134f52/ , https://www.encodeproject.org/documents/81af563b-5134-4f78-9bc4-41cb42cc6a48/	Pacific Biosciences Sequel II		/references/ENCSR089MWE/ , /references/ENCSR156CIL/	/biosample-types/cell_line_EFO_0002784/	GM12878	human	whole cell
ENCSR962BVU	ENCLB784FMA	released	UCI	GM12878 Ljungman	'ENCODE Long Read RNA-Seq Analysis Protocol for Human Samples (v3.1)', 'PacBio libraries v3 (October, 2020) Protocol to build non-size selected cDNA libraries for Pacific Biosciences long-read sequencing Version 3.0 (October, 2020)'	https://www.encodeproject.org/documents/0a54a6da-ddb4-44bd-af95-2cd02754aa93/ , https://www.encodeproject.org/documents/3baa46d2-cb88-4608-8877-70596d200489/	Pacific Biosciences Sequel II	10.0	/references/ENCSR089MWE/ , /references/ENCSR156CIL/	/biosample-types/cell_line_EFO_0002784/	GM12878	human	whole cell
ENCSR271KEJ	ENCLB785VEF	released	UCI	LRGASP H1 ES	'ENCODE Long Read RNA-Seq Analysis Protocol for HumanSamples (v3.0)', 'Protocol to add 5’ cap structures to exogenous synthetic RNA references (spike-ins) 1.0', 'Long read cDNA prep with Maxima H'	https://www.encodeproject.org/documents/81af563b-5134-4f78-9bc4-41cb42cc6a48/ , https://www.encodeproject.org/documents/e909542d-44c0-4bee-9aac-4d41a0b768db/ , https://www.encodeproject.org/documents/53196858-d826-458a-8232-22e4b7c2d653/	Pacific Biosciences Sequel II		/references/ENCSR156CIL/ , /references/ENCSR759PLA/	/biosample-types/cell_line_EFO_0003042/	H1	human	whole cell
ENCSR271KEJ	ENCLB785VEF	released	UCI	LRGASP H1 ES	'ENCODE Long Read RNA-Seq Analysis Protocol for HumanSamples (v3.0)', 'Protocol to add 5’ cap structures to exogenous synthetic RNA references (spike-ins) 1.0', 'Long read cDNA prep with Maxima H'	https://www.encodeproject.org/documents/81af563b-5134-4f78-9bc4-41cb42cc6a48/ , https://www.encodeproject.org/documents/e909542d-44c0-4bee-9aac-4d41a0b768db/ , https://www.encodeproject.org/documents/53196858-d826-458a-8232-22e4b7c2d653/	Pacific Biosciences Sequel II		/references/ENCSR156CIL/ , /references/ENCSR759PLA/	/biosample-types/cell_line_EFO_0003042/	H1	human	whole cell
ENCSR271KEJ	ENCLB785VEF	released	UCI	LRGASP H1 ES	'ENCODE Long Read RNA-Seq Analysis Protocol for HumanSamples (v3.0)', 'Protocol to add 5’ cap structures to exogenous synthetic RNA references (spike-ins) 1.0', 'Long read cDNA prep with Maxima H'	https://www.encodeproject.org/documents/81af563b-5134-4f78-9bc4-41cb42cc6a48/ , https://www.encodeproject.org/documents/e909542d-44c0-4bee-9aac-4d41a0b768db/ , https://www.encodeproject.org/documents/53196858-d826-458a-8232-22e4b7c2d653/	Pacific Biosciences Sequel II		/references/ENCSR156CIL/ , /references/ENCSR759PLA/	/biosample-types/cell_line_EFO_0003042/	H1	human	whole cell
ENCSR127HKN	ENCLB953CWG	released	UCI	LRGASP H1 definitive endoderm	'ENCODE Long Read RNA-Seq Analysis Protocol for HumanSamples (v3.0)', 'Protocol to add 5’ cap structures to exogenous synthetic RNA references (spike-ins) 1.0', 'Long read cDNA prep with Maxima H'	https://www.encodeproject.org/documents/81af563b-5134-4f78-9bc4-41cb42cc6a48/ , https://www.encodeproject.org/documents/e909542d-44c0-4bee-9aac-4d41a0b768db/ , https://www.encodeproject.org/documents/53196858-d826-458a-8232-22e4b7c2d653/	Pacific Biosciences Sequel II		/references/ENCSR156CIL/ , /references/ENCSR759PLA/	/biosample-types/in_vitro_differentiated_cells_CL_0000223/	endodermal cell	human	whole cell
ENCSR127HKN	ENCLB953CWG	released	UCI	LRGASP H1 definitive endoderm	'ENCODE Long Read RNA-Seq Analysis Protocol for HumanSamples (v3.0)', 'Protocol to add 5’ cap structures to exogenous synthetic RNA references (spike-ins) 1.0', 'Long read cDNA prep with Maxima H'	https://www.encodeproject.org/documents/81af563b-5134-4f78-9bc4-41cb42cc6a48/ , https://www.encodeproject.org/documents/e909542d-44c0-4bee-9aac-4d41a0b768db/ , https://www.encodeproject.org/documents/53196858-d826-458a-8232-22e4b7c2d653/	Pacific Biosciences Sequel II		/references/ENCSR156CIL/ , /references/ENCSR759PLA/	/biosample-types/in_vitro_differentiated_cells_CL_0000223/	endodermal cell	human	whole cell
ENCSR127HKN	ENCLB953CWG	released	UCI	LRGASP H1 definitive endoderm	'ENCODE Long Read RNA-Seq Analysis Protocol for HumanSamples (v3.0)', 'Protocol to add 5’ cap structures to exogenous synthetic RNA references (spike-ins) 1.0', 'Long read cDNA prep with Maxima H'	https://www.encodeproject.org/documents/81af563b-5134-4f78-9bc4-41cb42cc6a48/ , https://www.encodeproject.org/documents/e909542d-44c0-4bee-9aac-4d41a0b768db/ , https://www.encodeproject.org/documents/53196858-d826-458a-8232-22e4b7c2d653/	Pacific Biosciences Sequel II		/references/ENCSR156CIL/ , /references/ENCSR759PLA/	/biosample-types/in_vitro_differentiated_cells_CL_0000223/	endodermal cell	human	whole cell
ENCSR044ARQ	ENCLB135ADH	released	UCI	H9 ESCs	'PacBio LongRead 2.0', 'ENCODE Long Read RNA-Seq Analysis Protocol for HumanSamples (v3.0)'	https://www.encodeproject.org/documents/77db752f-abf7-4c93-a460-510464134f52/ , https://www.encodeproject.org/documents/81af563b-5134-4f78-9bc4-41cb42cc6a48/	Pacific Biosciences Sequel II		/references/ENCSR089MWE/ , /references/ENCSR156CIL/	/biosample-types/cell_line_EFO_0003045/	H9	human	whole cell
ENCSR044ARQ	ENCLB135ADH	released	UCI	H9 ESCs	'PacBio LongRead 2.0', 'ENCODE Long Read RNA-Seq Analysis Protocol for HumanSamples (v3.0)'	https://www.encodeproject.org/documents/77db752f-abf7-4c93-a460-510464134f52/ , https://www.encodeproject.org/documents/81af563b-5134-4f78-9bc4-41cb42cc6a48/	Pacific Biosciences Sequel II		/references/ENCSR089MWE/ , /references/ENCSR156CIL/	/biosample-types/cell_line_EFO_0003045/	H9	human	whole cell
ENCSR470HYQ	ENCLB201KID	released	UCI	ENC209, ENC210, ENC211 - H9 derived chondrocytes	'PacBio libraries v3 (October, 2020) Protocol to build non-size selected cDNA libraries for Pacific Biosciences long-read sequencing Version 3.0 (October, 2020)', 'ENCODE Long Read RNA-Seq Analysis Protocol for HumanSamples (v3.0)'	https://www.encodeproject.org/documents/3baa46d2-cb88-4608-8877-70596d200489/ , https://www.encodeproject.org/documents/81af563b-5134-4f78-9bc4-41cb42cc6a48/	Pacific Biosciences Sequel II		/references/ENCSR759PLA/ , /references/ENCSR156CIL/	/biosample-types/in_vitro_differentiated_cells_CL_0000138/	chondrocyte	human	whole cell
ENCSR470HYQ	ENCLB201KID	released	UCI	ENC209, ENC210, ENC211 - H9 derived chondrocytes	'PacBio libraries v3 (October, 2020) Protocol to build non-size selected cDNA libraries for Pacific Biosciences long-read sequencing Version 3.0 (October, 2020)', 'ENCODE Long Read RNA-Seq Analysis Protocol for HumanSamples (v3.0)'	https://www.encodeproject.org/documents/3baa46d2-cb88-4608-8877-70596d200489/ , https://www.encodeproject.org/documents/81af563b-5134-4f78-9bc4-41cb42cc6a48/	Pacific Biosciences Sequel II		/references/ENCSR759PLA/ , /references/ENCSR156CIL/	/biosample-types/in_vitro_differentiated_cells_CL_0000138/	chondrocyte	human	whole cell
ENCSR470HYQ	ENCLB201KID	released	UCI	ENC209, ENC210, ENC211 - H9 derived chondrocytes	'PacBio libraries v3 (October, 2020) Protocol to build non-size selected cDNA libraries for Pacific Biosciences long-read sequencing Version 3.0 (October, 2020)', 'ENCODE Long Read RNA-Seq Analysis Protocol for HumanSamples (v3.0)'	https://www.encodeproject.org/documents/3baa46d2-cb88-4608-8877-70596d200489/ , https://www.encodeproject.org/documents/81af563b-5134-4f78-9bc4-41cb42cc6a48/	Pacific Biosciences Sequel II		/references/ENCSR759PLA/ , /references/ENCSR156CIL/	/biosample-types/in_vitro_differentiated_cells_CL_0000138/	chondrocyte	human	whole cell
ENCSR904KAT	ENCLB269BTC	released	UCI	H9-derived definitive endoderm	'PacBio LongRead 2.0', 'ENCODE Long Read RNA-Seq Analysis Protocol for HumanSamples (v3.0)'	https://www.encodeproject.org/documents/77db752f-abf7-4c93-a460-510464134f52/ , https://www.encodeproject.org/documents/81af563b-5134-4f78-9bc4-41cb42cc6a48/	Pacific Biosciences Sequel II		/references/ENCSR089MWE/ , /references/ENCSR156CIL/	/biosample-types/in_vitro_differentiated_cells_CL_0000223/	endodermal cell	human	whole cell
ENCSR904KAT	ENCLB269BTC	released	UCI	H9-derived definitive endoderm	'PacBio LongRead 2.0', 'ENCODE Long Read RNA-Seq Analysis Protocol for HumanSamples (v3.0)'	https://www.encodeproject.org/documents/77db752f-abf7-4c93-a460-510464134f52/ , https://www.encodeproject.org/documents/81af563b-5134-4f78-9bc4-41cb42cc6a48/	Pacific Biosciences Sequel II		/references/ENCSR089MWE/ , /references/ENCSR156CIL/	/biosample-types/in_vitro_differentiated_cells_CL_0000223/	endodermal cell	human	whole cell
ENCSR056MYH	ENCLB354MHL	released	UCI	H9-derived neural crest cells	'PacBio LongRead 2.0', 'ENCODE Long Read RNA-Seq Analysis Protocol for HumanSamples (v3.0)'	https://www.encodeproject.org/documents/77db752f-abf7-4c93-a460-510464134f52/ , https://www.encodeproject.org/documents/81af563b-5134-4f78-9bc4-41cb42cc6a48/	Pacific Biosciences Sequel II		/references/ENCSR089MWE/ , /references/ENCSR156CIL/	/biosample-types/in_vitro_differentiated_cells_CL_0011012/	neural crest cell	human	whole cell
ENCSR056MYH	ENCLB354MHL	released	UCI	H9-derived neural crest cells	'PacBio LongRead 2.0', 'ENCODE Long Read RNA-Seq Analysis Protocol for HumanSamples (v3.0)'	https://www.encodeproject.org/documents/77db752f-abf7-4c93-a460-510464134f52/ , https://www.encodeproject.org/documents/81af563b-5134-4f78-9bc4-41cb42cc6a48/	Pacific Biosciences Sequel II		/references/ENCSR089MWE/ , /references/ENCSR156CIL/	/biosample-types/in_vitro_differentiated_cells_CL_0011012/	neural crest cell	human	whole cell
ENCSR296PQZ	ENCLB771EIE	released	UCI	H9-derived osteocytes	'ENCODE Long Read RNA-Seq Analysis Protocol for Human Samples (v3.1)', 'PacBio LongRead 2.0'	https://www.encodeproject.org/documents/0a54a6da-ddb4-44bd-af95-2cd02754aa93/ , https://www.encodeproject.org/documents/77db752f-abf7-4c93-a460-510464134f52/	Pacific Biosciences Sequel II		/references/ENCSR089MWE/ , /references/ENCSR156CIL/	/biosample-types/in_vitro_differentiated_cells_CL_0000137/	osteocyte	human	whole cell
ENCSR296PQZ	ENCLB771EIE	released	UCI	H9-derived osteocytes	'ENCODE Long Read RNA-Seq Analysis Protocol for Human Samples (v3.1)', 'PacBio LongRead 2.0'	https://www.encodeproject.org/documents/0a54a6da-ddb4-44bd-af95-2cd02754aa93/ , https://www.encodeproject.org/documents/77db752f-abf7-4c93-a460-510464134f52/	Pacific Biosciences Sequel II		/references/ENCSR089MWE/ , /references/ENCSR156CIL/	/biosample-types/in_vitro_differentiated_cells_CL_0000137/	osteocyte	human	whole cell
ENCSR130CIK	ENCLB292ISL	released	UCI	H9-derived insulin-producing beta-like cells	'PacBio LongRead 2.0', 'ENCODE Long Read RNA-Seq Analysis Protocol for HumanSamples (v3.0)'	https://www.encodeproject.org/documents/77db752f-abf7-4c93-a460-510464134f52/ , https://www.encodeproject.org/documents/81af563b-5134-4f78-9bc4-41cb42cc6a48/	Pacific Biosciences Sequel II		/references/ENCSR089MWE/ , /references/ENCSR156CIL/	/biosample-types/in_vitro_differentiated_cells_CL_0000169/	type B pancreatic cell	human	whole cell
ENCSR130CIK	ENCLB292ISL	released	UCI	H9-derived insulin-producing beta-like cells	'PacBio LongRead 2.0', 'ENCODE Long Read RNA-Seq Analysis Protocol for HumanSamples (v3.0)'	https://www.encodeproject.org/documents/77db752f-abf7-4c93-a460-510464134f52/ , https://www.encodeproject.org/documents/81af563b-5134-4f78-9bc4-41cb42cc6a48/	Pacific Biosciences Sequel II		/references/ENCSR089MWE/ , /references/ENCSR156CIL/	/biosample-types/in_vitro_differentiated_cells_CL_0000169/	type B pancreatic cell	human	whole cell
ENCSR530BOC	ENCLB767VAZ	released	UCI	H9-derived pancreatic progenitors	'PacBio LongRead 2.0', 'ENCODE Long Read RNA-Seq Analysis Protocol for HumanSamples (v3.0)'	https://www.encodeproject.org/documents/77db752f-abf7-4c93-a460-510464134f52/ , https://www.encodeproject.org/documents/81af563b-5134-4f78-9bc4-41cb42cc6a48/	Pacific Biosciences Sequel II		/references/ENCSR089MWE/ , /references/ENCSR156CIL/	/biosample-types/in_vitro_differentiated_cells_CL_0002351/	progenitor cell of endocrine pancreas	human	whole cell
ENCSR530BOC	ENCLB767VAZ	released	UCI	H9-derived pancreatic progenitors	'PacBio LongRead 2.0', 'ENCODE Long Read RNA-Seq Analysis Protocol for HumanSamples (v3.0)'	https://www.encodeproject.org/documents/77db752f-abf7-4c93-a460-510464134f52/ , https://www.encodeproject.org/documents/81af563b-5134-4f78-9bc4-41cb42cc6a48/	Pacific Biosciences Sequel II		/references/ENCSR089MWE/ , /references/ENCSR156CIL/	/biosample-types/in_vitro_differentiated_cells_CL_0002351/	progenitor cell of endocrine pancreas	human	whole cell
ENCSR388RWE	ENCLB218VBB	released	UCI	HCT 116 cell line	'ENCODE Long Read RNA-Seq Analysis Protocol for Human Samples (v3.1)', 'PacBio libraries v3 (October, 2020) Protocol to build non-size selected cDNA libraries for Pacific Biosciences long-read sequencing Version 3.0 (October, 2020)'	https://www.encodeproject.org/documents/0a54a6da-ddb4-44bd-af95-2cd02754aa93/ , https://www.encodeproject.org/documents/3baa46d2-cb88-4608-8877-70596d200489/	Pacific Biosciences Sequel II	10.0	/references/ENCSR089MWE/ , /references/ENCSR156CIL/	/biosample-types/cell_line_EFO_0002824/	HCT116	human	whole cell
ENCSR194YUY	ENCLB452TKV	released	UCI	ENTEX105 Heart - Left Ventricle 3-1	'cDNA libraries from brain for use in Illumina NextSeq 500 sequencing v1'	https://www.encodeproject.org/documents/2297237f-dfb0-424d-a386-c350ffe8dbe3/	Pacific Biosciences Sequel	8.0		/biosample-types/tissue_UBERON_0002084/	heart left ventricle	human	whole cell
ENCSR575LWI	ENCLB921WJD	released	UCI	ENC4_33 W73 heart left ventricle	'ENCODE Long Read RNA-Seq Analysis Protocol for Human Samples (v3.1)', 'Human Flash Frozen', 'PacBio LongRead 2.0'	https://www.encodeproject.org/documents/0a54a6da-ddb4-44bd-af95-2cd02754aa93/ , https://www.encodeproject.org/documents/c4b8952c-d9f1-42e7-8ea5-54659d14f46b/ , https://www.encodeproject.org/documents/77db752f-abf7-4c93-a460-510464134f52/	Pacific Biosciences Sequel II		/references/ENCSR089MWE/ , /references/ENCSR156CIL/	/biosample-types/tissue_UBERON_0002084/	heart left ventricle	human	whole cell
ENCSR700XDQ	ENCLB150SGW	released	UCI	ENC4_49 W72 heart left ventricle	'ENCODE Long Read RNA-Seq Analysis Protocol for Human Samples (v3.1)', 'PacBio libraries v3 (October, 2020) Protocol to build non-size selected cDNA libraries for Pacific Biosciences long-read sequencing Version 3.0 (October, 2020)', 'Human Flash Frozen'	https://www.encodeproject.org/documents/0a54a6da-ddb4-44bd-af95-2cd02754aa93/ , https://www.encodeproject.org/documents/3baa46d2-cb88-4608-8877-70596d200489/ , https://www.encodeproject.org/documents/c4b8952c-d9f1-42e7-8ea5-54659d14f46b/	Pacific Biosciences Sequel II	9.0	/references/ENCSR089MWE/ , /references/ENCSR156CIL/	/biosample-types/tissue_UBERON_0002084/	heart left ventricle	human	whole cell
ENCSR994YZY	ENCLB129YLX	released	UCI	ENC4_53 W76 heart left ventricle	'ENCODE Long Read RNA-Seq Analysis Protocol for Human Samples (v3.1)', 'PacBio libraries v3 (October, 2020) Protocol to build non-size selected cDNA libraries for Pacific Biosciences long-read sequencing Version 3.0 (October, 2020)', 'Human Flash Frozen'	https://www.encodeproject.org/documents/0a54a6da-ddb4-44bd-af95-2cd02754aa93/ , https://www.encodeproject.org/documents/3baa46d2-cb88-4608-8877-70596d200489/ , https://www.encodeproject.org/documents/c4b8952c-d9f1-42e7-8ea5-54659d14f46b/	Pacific Biosciences Sequel II	9.0	/references/ENCSR089MWE/ , /references/ENCSR156CIL/	/biosample-types/tissue_UBERON_0002084/	heart left ventricle	human	whole cell
ENCSR329ZQG	ENCLB267ZKP	released	UCI	ENC4_51 W73 heart right ventricle	'ENCODE Long Read RNA-Seq Analysis Protocol for Human Samples (v3.1)', 'Human Flash Frozen', 'PacBio LongRead 2.0'	https://www.encodeproject.org/documents/0a54a6da-ddb4-44bd-af95-2cd02754aa93/ , https://www.encodeproject.org/documents/c4b8952c-d9f1-42e7-8ea5-54659d14f46b/ , https://www.encodeproject.org/documents/77db752f-abf7-4c93-a460-510464134f52/	Pacific Biosciences Sequel II		/references/ENCSR089MWE/ , /references/ENCSR156CIL/	/biosample-types/tissue_UBERON_0002080/	heart right ventricle	human	whole cell
ENCSR782LGT	ENCLB400RGN	released	UCI	ENC4_50 W72 heart right ventricle	'ENCODE Long Read RNA-Seq Analysis Protocol for Human Samples (v3.1)', 'PacBio libraries v3 (October, 2020) Protocol to build non-size selected cDNA libraries for Pacific Biosciences long-read sequencing Version 3.0 (October, 2020)', 'Human Flash Frozen'	https://www.encodeproject.org/documents/0a54a6da-ddb4-44bd-af95-2cd02754aa93/ , https://www.encodeproject.org/documents/3baa46d2-cb88-4608-8877-70596d200489/ , https://www.encodeproject.org/documents/c4b8952c-d9f1-42e7-8ea5-54659d14f46b/	Pacific Biosciences Sequel II	9.0	/references/ENCSR089MWE/ , /references/ENCSR156CIL/	/biosample-types/tissue_UBERON_0002080/	heart right ventricle	human	whole cell
ENCSR984OAE	ENCLB679MMD	released	UCI	ENC4_52 W76 heart right ventricle	'ENCODE Long Read RNA-Seq Analysis Protocol for Human Samples (v3.1)', 'PacBio libraries v3 (October, 2020) Protocol to build non-size selected cDNA libraries for Pacific Biosciences long-read sequencing Version 3.0 (October, 2020)', 'Human Flash Frozen'	https://www.encodeproject.org/documents/0a54a6da-ddb4-44bd-af95-2cd02754aa93/ , https://www.encodeproject.org/documents/3baa46d2-cb88-4608-8877-70596d200489/ , https://www.encodeproject.org/documents/c4b8952c-d9f1-42e7-8ea5-54659d14f46b/	Pacific Biosciences Sequel II	9.0	/references/ENCSR089MWE/ , /references/ENCSR156CIL/	/biosample-types/tissue_UBERON_0002080/	heart right ventricle	human	whole cell
ENCSR634AKC	ENCLB798VOD	released	UCI	HepG2 Ljungman	'ENCODE Long Read RNA-Seq Analysis Protocol for Human Samples (v3.1)', 'PacBio libraries v3 (October, 2020) Protocol to build non-size selected cDNA libraries for Pacific Biosciences long-read sequencing Version 3.0 (October, 2020)'	https://www.encodeproject.org/documents/0a54a6da-ddb4-44bd-af95-2cd02754aa93/ , https://www.encodeproject.org/documents/3baa46d2-cb88-4608-8877-70596d200489/	Pacific Biosciences Sequel II	10.0	/references/ENCSR089MWE/ , /references/ENCSR156CIL/	/biosample-types/cell_line_EFO_0001187/	HepG2	human	whole cell
ENCSR834DQL	ENCLB443KZB	released	UCI	Homo sapiens HepG2 immortalized cell line	'ENCODE Long Read RNA-Seq Analysis Protocol for Human Samples (v.1.0)', 'non-size selected cDNA libraries for use in PacBio sequencing'	https://www.encodeproject.org/documents/7ec9d66a-3b7e-4183-8677-e1df14770b44/ , https://www.encodeproject.org/documents/9d64c094-3f6b-49ae-b344-ccdf6ae3eb0c/	Pacific Biosciences Sequel			/biosample-types/cell_line_EFO_0001187/	HepG2	human	whole cell
ENCSR834DQL	ENCLB443KZB	released	UCI	Homo sapiens HepG2 immortalized cell line	'ENCODE Long Read RNA-Seq Analysis Protocol for Human Samples (v.1.0)', 'non-size selected cDNA libraries for use in PacBio sequencing'	https://www.encodeproject.org/documents/7ec9d66a-3b7e-4183-8677-e1df14770b44/ , https://www.encodeproject.org/documents/9d64c094-3f6b-49ae-b344-ccdf6ae3eb0c/	Pacific Biosciences Sequel			/biosample-types/cell_line_EFO_0001187/	HepG2	human	whole cell
ENCSR902GAF	ENCLB952ETR	released	UCI	Clonal line 6 derived from hTert immortalized HFF parental line	'non-size selected cDNA libraries for use in PacBio sequencing v1'	https://www.encodeproject.org/documents/54012fc3-644e-49af-97e4-888226753fd9/	Pacific Biosciences Sequel			/biosample-types/cell_line_EFO_0009318/	HFFc6	human	whole cell
ENCSR902GAF	ENCLB952ETR	released	UCI	Clonal line 6 derived from hTert immortalized HFF parental line	'non-size selected cDNA libraries for use in PacBio sequencing v1'	https://www.encodeproject.org/documents/54012fc3-644e-49af-97e4-888226753fd9/	Pacific Biosciences Sequel			/biosample-types/cell_line_EFO_0009318/	HFFc6	human	whole cell
ENCSR902GAF	ENCLB952ETR	released	UCI	Clonal line 6 derived from hTert immortalized HFF parental line	'non-size selected cDNA libraries for use in PacBio sequencing v1'	https://www.encodeproject.org/documents/54012fc3-644e-49af-97e4-888226753fd9/	Pacific Biosciences Sequel			/biosample-types/cell_line_EFO_0009318/	HFFc6	human	whole cell
ENCSR887LTD	ENCLB279KJK	released	UCI	Homo sapiens HL-60	'PacBio LongRead 2.0', 'ENCODE Long Read RNA-Seq Analysis Protocol for HumanSamples (v3.0)'	https://www.encodeproject.org/documents/77db752f-abf7-4c93-a460-510464134f52/ , https://www.encodeproject.org/documents/81af563b-5134-4f78-9bc4-41cb42cc6a48/	Pacific Biosciences Sequel II	8.0	/references/ENCSR089MWE/ , /references/ENCSR156CIL/	/biosample-types/cell_line_EFO_0002793/	HL-60	human	whole cell
ENCSR887LTD	ENCLB279KJK	released	UCI	Homo sapiens HL-60	'PacBio LongRead 2.0', 'ENCODE Long Read RNA-Seq Analysis Protocol for HumanSamples (v3.0)'	https://www.encodeproject.org/documents/77db752f-abf7-4c93-a460-510464134f52/ , https://www.encodeproject.org/documents/81af563b-5134-4f78-9bc4-41cb42cc6a48/	Pacific Biosciences Sequel II	8.0	/references/ENCSR089MWE/ , /references/ENCSR156CIL/	/biosample-types/cell_line_EFO_0002793/	HL-60	human	whole cell
ENCSR546DFO	ENCLB463QEM	released	UCI	HL-60 derived M0 macrophages	'ENCODE Long Read RNA-Seq Analysis Protocol for Human Samples (v3.2)', 'HL-60 M0/M1/M2 differentiation protocol', 'PacBio LongRead 2.0'	https://www.encodeproject.org/documents/6d583a1d-d692-4511-b13b-c051822d861c/ , https://www.encodeproject.org/documents/ae021ff9-4099-4701-957c-7effb7341962/ , https://www.encodeproject.org/documents/77db752f-abf7-4c93-a460-510464134f52/	Pacific Biosciences Sequel II		/references/ENCSR089MWE/ , /references/ENCSR156CIL/	/biosample-types/cell_line_EFO_0002793/	HL-60	human	whole cell
ENCSR546DFO	ENCLB463QEM	released	UCI	HL-60 derived M0 macrophages	'ENCODE Long Read RNA-Seq Analysis Protocol for Human Samples (v3.2)', 'HL-60 M0/M1/M2 differentiation protocol', 'PacBio LongRead 2.0'	https://www.encodeproject.org/documents/6d583a1d-d692-4511-b13b-c051822d861c/ , https://www.encodeproject.org/documents/ae021ff9-4099-4701-957c-7effb7341962/ , https://www.encodeproject.org/documents/77db752f-abf7-4c93-a460-510464134f52/	Pacific Biosciences Sequel II		/references/ENCSR089MWE/ , /references/ENCSR156CIL/	/biosample-types/cell_line_EFO_0002793/	HL-60	human	whole cell
ENCSR121FDE	ENCLB268CWN	released	UCI	HL-60 derived M1 macrophages (12hr)	'ENCODE Long Read RNA-Seq Analysis Protocol for Human Samples (v3.2)', 'HL-60 M0/M1/M2 differentiation protocol', 'PacBio LongRead 2.0'	https://www.encodeproject.org/documents/6d583a1d-d692-4511-b13b-c051822d861c/ , https://www.encodeproject.org/documents/ae021ff9-4099-4701-957c-7effb7341962/ , https://www.encodeproject.org/documents/77db752f-abf7-4c93-a460-510464134f52/	Pacific Biosciences Sequel II	9.8	/references/ENCSR759PLA/ , /references/ENCSR156CIL/	/biosample-types/cell_line_EFO_0002793/	HL-60	human	whole cell
ENCSR121FDE	ENCLB268CWN	released	UCI	HL-60 derived M1 macrophages (12hr)	'ENCODE Long Read RNA-Seq Analysis Protocol for Human Samples (v3.2)', 'HL-60 M0/M1/M2 differentiation protocol', 'PacBio LongRead 2.0'	https://www.encodeproject.org/documents/6d583a1d-d692-4511-b13b-c051822d861c/ , https://www.encodeproject.org/documents/ae021ff9-4099-4701-957c-7effb7341962/ , https://www.encodeproject.org/documents/77db752f-abf7-4c93-a460-510464134f52/	Pacific Biosciences Sequel II	9.8	/references/ENCSR759PLA/ , /references/ENCSR156CIL/	/biosample-types/cell_line_EFO_0002793/	HL-60	human	whole cell
ENCSR583KAF	ENCLB493RCQ	released	UCI	HL-60 derived M1 macrophages (24hr)	'ENCODE Long Read RNA-Seq Analysis Protocol for Human Samples (v3.2)', 'HL-60 M0/M1/M2 differentiation protocol', 'PacBio LongRead 2.0'	https://www.encodeproject.org/documents/6d583a1d-d692-4511-b13b-c051822d861c/ , https://www.encodeproject.org/documents/ae021ff9-4099-4701-957c-7effb7341962/ , https://www.encodeproject.org/documents/77db752f-abf7-4c93-a460-510464134f52/	Pacific Biosciences Sequel II	9.9	/references/ENCSR759PLA/ , /references/ENCSR156CIL/	/biosample-types/cell_line_EFO_0002793/	HL-60	human	whole cell
ENCSR583KAF	ENCLB493RCQ	released	UCI	HL-60 derived M1 macrophages (24hr)	'ENCODE Long Read RNA-Seq Analysis Protocol for Human Samples (v3.2)', 'HL-60 M0/M1/M2 differentiation protocol', 'PacBio LongRead 2.0'	https://www.encodeproject.org/documents/6d583a1d-d692-4511-b13b-c051822d861c/ , https://www.encodeproject.org/documents/ae021ff9-4099-4701-957c-7effb7341962/ , https://www.encodeproject.org/documents/77db752f-abf7-4c93-a460-510464134f52/	Pacific Biosciences Sequel II	9.9	/references/ENCSR759PLA/ , /references/ENCSR156CIL/	/biosample-types/cell_line_EFO_0002793/	HL-60	human	whole cell
ENCSR398SKD	ENCLB825EPI	released	UCI	HL-60 derived M1 macrophages (72hr)	'ENCODE Long Read RNA-Seq Analysis Protocol for Human Samples (v3.2)', 'HL-60 M0/M1/M2 differentiation protocol', 'PacBio LongRead 2.0'	https://www.encodeproject.org/documents/6d583a1d-d692-4511-b13b-c051822d861c/ , https://www.encodeproject.org/documents/ae021ff9-4099-4701-957c-7effb7341962/ , https://www.encodeproject.org/documents/77db752f-abf7-4c93-a460-510464134f52/	Pacific Biosciences Sequel II		/references/ENCSR089MWE/ , /references/ENCSR156CIL/	/biosample-types/cell_line_EFO_0002793/	HL-60	human	whole cell
ENCSR398SKD	ENCLB825EPI	released	UCI	HL-60 derived M1 macrophages (72hr)	'ENCODE Long Read RNA-Seq Analysis Protocol for Human Samples (v3.2)', 'HL-60 M0/M1/M2 differentiation protocol', 'PacBio LongRead 2.0'	https://www.encodeproject.org/documents/6d583a1d-d692-4511-b13b-c051822d861c/ , https://www.encodeproject.org/documents/ae021ff9-4099-4701-957c-7effb7341962/ , https://www.encodeproject.org/documents/77db752f-abf7-4c93-a460-510464134f52/	Pacific Biosciences Sequel II		/references/ENCSR089MWE/ , /references/ENCSR156CIL/	/biosample-types/cell_line_EFO_0002793/	HL-60	human	whole cell
ENCSR278ZPI	ENCLB605OTC	released	UCI	HL-60 derived M2A macrophages (12hr)	'ENCODE Long Read RNA-Seq Analysis Protocol for Human Samples (v3.2)', 'HL-60 M0/M1/M2 differentiation protocol', 'PacBio LongRead 2.0'	https://www.encodeproject.org/documents/6d583a1d-d692-4511-b13b-c051822d861c/ , https://www.encodeproject.org/documents/ae021ff9-4099-4701-957c-7effb7341962/ , https://www.encodeproject.org/documents/77db752f-abf7-4c93-a460-510464134f52/	Pacific Biosciences Sequel II	9.7	/references/ENCSR759PLA/ , /references/ENCSR156CIL/	/biosample-types/cell_line_EFO_0002793/	HL-60	human	whole cell
ENCSR278ZPI	ENCLB605OTC	released	UCI	HL-60 derived M2A macrophages (12hr)	'ENCODE Long Read RNA-Seq Analysis Protocol for Human Samples (v3.2)', 'HL-60 M0/M1/M2 differentiation protocol', 'PacBio LongRead 2.0'	https://www.encodeproject.org/documents/6d583a1d-d692-4511-b13b-c051822d861c/ , https://www.encodeproject.org/documents/ae021ff9-4099-4701-957c-7effb7341962/ , https://www.encodeproject.org/documents/77db752f-abf7-4c93-a460-510464134f52/	Pacific Biosciences Sequel II	9.7	/references/ENCSR759PLA/ , /references/ENCSR156CIL/	/biosample-types/cell_line_EFO_0002793/	HL-60	human	whole cell
ENCSR930GRQ	ENCLB559VQN	released	UCI	HL-60 derived M2A macrophages (24hr)	'ENCODE Long Read RNA-Seq Analysis Protocol for Human Samples (v3.2)', 'HL-60 M0/M1/M2 differentiation protocol', 'PacBio LongRead 2.0'	https://www.encodeproject.org/documents/6d583a1d-d692-4511-b13b-c051822d861c/ , https://www.encodeproject.org/documents/ae021ff9-4099-4701-957c-7effb7341962/ , https://www.encodeproject.org/documents/77db752f-abf7-4c93-a460-510464134f52/	Pacific Biosciences Sequel II	9.8	/references/ENCSR759PLA/ , /references/ENCSR156CIL/	/biosample-types/cell_line_EFO_0002793/	HL-60	human	whole cell
ENCSR930GRQ	ENCLB559VQN	released	UCI	HL-60 derived M2A macrophages (24hr)	'ENCODE Long Read RNA-Seq Analysis Protocol for Human Samples (v3.2)', 'HL-60 M0/M1/M2 differentiation protocol', 'PacBio LongRead 2.0'	https://www.encodeproject.org/documents/6d583a1d-d692-4511-b13b-c051822d861c/ , https://www.encodeproject.org/documents/ae021ff9-4099-4701-957c-7effb7341962/ , https://www.encodeproject.org/documents/77db752f-abf7-4c93-a460-510464134f52/	Pacific Biosciences Sequel II	9.8	/references/ENCSR759PLA/ , /references/ENCSR156CIL/	/biosample-types/cell_line_EFO_0002793/	HL-60	human	whole cell
ENCSR159ICU	ENCLB054OEH	released	UCI	HL-60 derived M2A macrophages (72hr)	'ENCODE Long Read RNA-Seq Analysis Protocol for Human Samples (v3.2)', 'HL-60 M0/M1/M2 differentiation protocol', 'PacBio LongRead 2.0'	https://www.encodeproject.org/documents/6d583a1d-d692-4511-b13b-c051822d861c/ , https://www.encodeproject.org/documents/ae021ff9-4099-4701-957c-7effb7341962/ , https://www.encodeproject.org/documents/77db752f-abf7-4c93-a460-510464134f52/	Pacific Biosciences Sequel II		/references/ENCSR089MWE/ , /references/ENCSR156CIL/	/biosample-types/cell_line_EFO_0002793/	HL-60	human	whole cell
ENCSR159ICU	ENCLB054OEH	released	UCI	HL-60 derived M2A macrophages (72hr)	'ENCODE Long Read RNA-Seq Analysis Protocol for Human Samples (v3.2)', 'HL-60 M0/M1/M2 differentiation protocol', 'PacBio LongRead 2.0'	https://www.encodeproject.org/documents/6d583a1d-d692-4511-b13b-c051822d861c/ , https://www.encodeproject.org/documents/ae021ff9-4099-4701-957c-7effb7341962/ , https://www.encodeproject.org/documents/77db752f-abf7-4c93-a460-510464134f52/	Pacific Biosciences Sequel II		/references/ENCSR089MWE/ , /references/ENCSR156CIL/	/biosample-types/cell_line_EFO_0002793/	HL-60	human	whole cell
ENCSR998KIZ	ENCLB325VZQ	released	UCI	"""ENC4_507, ENC4_508 HMEC rep1 primary human mammary epithelial cells"""	'ENCODE Long Read RNA-Seq Analysis Protocol for Human Samples (v3.2)', 'PacBio libraries v3 (October, 2020) Protocol to build non-size selected cDNA libraries for Pacific Biosciences long-read sequencing Version 3.0 (October, 2020)'	https://www.encodeproject.org/documents/6d583a1d-d692-4511-b13b-c051822d861c/ , https://www.encodeproject.org/documents/3baa46d2-cb88-4608-8877-70596d200489/	Pacific Biosciences Sequel II	9.6	/references/ENCSR156CIL/ , /references/ENCSR759PLA/	/biosample-types/primary_cell_CL_0002327/	mammary epithelial cell	human	whole cell
ENCSR998KIZ	ENCLB325VZQ	released	UCI	"""ENC4_507, ENC4_508 HMEC rep1 primary human mammary epithelial cells"""	'ENCODE Long Read RNA-Seq Analysis Protocol for Human Samples (v3.2)', 'PacBio libraries v3 (October, 2020) Protocol to build non-size selected cDNA libraries for Pacific Biosciences long-read sequencing Version 3.0 (October, 2020)'	https://www.encodeproject.org/documents/6d583a1d-d692-4511-b13b-c051822d861c/ , https://www.encodeproject.org/documents/3baa46d2-cb88-4608-8877-70596d200489/	Pacific Biosciences Sequel II	9.6	/references/ENCSR156CIL/ , /references/ENCSR759PLA/	/biosample-types/primary_cell_CL_0002327/	mammary epithelial cell	human	whole cell
ENCSR687RWI	ENCLB149WJH	released	UCI	"""ENC4_505, ENC4_506 HUVEC rep1 primary human umbilical vein endothelial cell"""	'ENCODE Long Read RNA-Seq Analysis Protocol for Human Samples (v3.2)', 'PacBio libraries v3 (October, 2020) Protocol to build non-size selected cDNA libraries for Pacific Biosciences long-read sequencing Version 3.0 (October, 2020)'	https://www.encodeproject.org/documents/6d583a1d-d692-4511-b13b-c051822d861c/ , https://www.encodeproject.org/documents/3baa46d2-cb88-4608-8877-70596d200489/	Pacific Biosciences Sequel II	9.7	/references/ENCSR156CIL/ , /references/ENCSR759PLA/	/biosample-types/primary_cell_CL_0002618/	endothelial cell of umbilical vein	human	whole cell
ENCSR687RWI	ENCLB149WJH	released	UCI	"""ENC4_505, ENC4_506 HUVEC rep1 primary human umbilical vein endothelial cell"""	'ENCODE Long Read RNA-Seq Analysis Protocol for Human Samples (v3.2)', 'PacBio libraries v3 (October, 2020) Protocol to build non-size selected cDNA libraries for Pacific Biosciences long-read sequencing Version 3.0 (October, 2020)'	https://www.encodeproject.org/documents/6d583a1d-d692-4511-b13b-c051822d861c/ , https://www.encodeproject.org/documents/3baa46d2-cb88-4608-8877-70596d200489/	Pacific Biosciences Sequel II	9.7	/references/ENCSR156CIL/ , /references/ENCSR759PLA/	/biosample-types/primary_cell_CL_0002618/	endothelial cell of umbilical vein	human	whole cell
ENCSR113MEY	ENCLB085UQI	released	UCI	IMR90 cell line	'ENCODE Long Read RNA-Seq Analysis Protocol for Human Samples (v3.1)', 'PacBio libraries v3 (October, 2020) Protocol to build non-size selected cDNA libraries for Pacific Biosciences long-read sequencing Version 3.0 (October, 2020)'	https://www.encodeproject.org/documents/0a54a6da-ddb4-44bd-af95-2cd02754aa93/ , https://www.encodeproject.org/documents/3baa46d2-cb88-4608-8877-70596d200489/	Pacific Biosciences Sequel II	10.0	/references/ENCSR089MWE/ , /references/ENCSR156CIL/	/biosample-types/cell_line_EFO_0001196/	IMR-90	human	whole cell
ENCSR526TQU	ENCLB214YWC	released	UCI	K562 Ljungman	'ENCODE Long Read RNA-Seq Analysis Protocol for Human Samples (v3.1)', 'PacBio libraries v3 (October, 2020) Protocol to build non-size selected cDNA libraries for Pacific Biosciences long-read sequencing Version 3.0 (October, 2020)'	https://www.encodeproject.org/documents/0a54a6da-ddb4-44bd-af95-2cd02754aa93/ , https://www.encodeproject.org/documents/3baa46d2-cb88-4608-8877-70596d200489/	Pacific Biosciences Sequel II	9.0	/references/ENCSR089MWE/ , /references/ENCSR156CIL/	/biosample-types/cell_line_EFO_0002067/	K562	human	whole cell
ENCSR589FUJ	ENCLB095ZGG	released	UCI	Homo sapiens K562 immortalized cell line	'ENCODE Long Read RNA-Seq Analysis Protocol for Human Samples (v.1.0)', 'non-size selected cDNA libraries for use in PacBio sequencing'	https://www.encodeproject.org/documents/7ec9d66a-3b7e-4183-8677-e1df14770b44/ , https://www.encodeproject.org/documents/9d64c094-3f6b-49ae-b344-ccdf6ae3eb0c/	Pacific Biosciences Sequel			/biosample-types/cell_line_EFO_0002067/	K562	human	whole cell
ENCSR589FUJ	ENCLB095ZGG	released	UCI	Homo sapiens K562 immortalized cell line	'ENCODE Long Read RNA-Seq Analysis Protocol for Human Samples (v.1.0)', 'non-size selected cDNA libraries for use in PacBio sequencing'	https://www.encodeproject.org/documents/7ec9d66a-3b7e-4183-8677-e1df14770b44/ , https://www.encodeproject.org/documents/9d64c094-3f6b-49ae-b344-ccdf6ae3eb0c/	Pacific Biosciences Sequel			/biosample-types/cell_line_EFO_0002067/	K562	human	whole cell
ENCSR983KDL	ENCLB096WLH	released	UCI	K562	'ENCODE Long Read RNA-Seq Analysis Protocol for Human Samples (v3.1)', 'PacBio libraries v3 (October, 2020) Protocol to build non-size selected cDNA libraries for Pacific Biosciences long-read sequencing Version 3.0 (October, 2020)'	https://www.encodeproject.org/documents/0a54a6da-ddb4-44bd-af95-2cd02754aa93/ , https://www.encodeproject.org/documents/3baa46d2-cb88-4608-8877-70596d200489/	Pacific Biosciences Sequel II		/references/ENCSR089MWE/ , /references/ENCSR156CIL/	/biosample-types/cell_line_EFO_0002067/	K562	human	whole cell
ENCSR983KDL	ENCLB096WLH	released	UCI	K562	'ENCODE Long Read RNA-Seq Analysis Protocol for Human Samples (v3.1)', 'PacBio libraries v3 (October, 2020) Protocol to build non-size selected cDNA libraries for Pacific Biosciences long-read sequencing Version 3.0 (October, 2020)'	https://www.encodeproject.org/documents/0a54a6da-ddb4-44bd-af95-2cd02754aa93/ , https://www.encodeproject.org/documents/3baa46d2-cb88-4608-8877-70596d200489/	Pacific Biosciences Sequel II		/references/ENCSR089MWE/ , /references/ENCSR156CIL/	/biosample-types/cell_line_EFO_0002067/	K562	human	whole cell
ENCSR432YKA	ENCLB730SHE	released	UCI	ENC4_42 W71 kidney	'ENCODE Long Read RNA-Seq Analysis Protocol for Human Samples (v3.1)', 'PacBio libraries v3 (October, 2020) Protocol to build non-size selected cDNA libraries for Pacific Biosciences long-read sequencing Version 3.0 (October, 2020)', 'Human Flash Frozen'	https://www.encodeproject.org/documents/0a54a6da-ddb4-44bd-af95-2cd02754aa93/ , https://www.encodeproject.org/documents/3baa46d2-cb88-4608-8877-70596d200489/ , https://www.encodeproject.org/documents/c4b8952c-d9f1-42e7-8ea5-54659d14f46b/	Pacific Biosciences Sequel II	7.0	/references/ENCSR089MWE/ , /references/ENCSR156CIL/	/biosample-types/tissue_UBERON_0002113/	kidney	human	whole cell
ENCSR424QFN	ENCLB284PZZ	released	UCI	ENC4_60 W73 left cardiac atrium	'Human Flash Frozen', 'PacBio LongRead 2.0', 'ENCODE Long Read RNA-Seq Analysis Protocol for HumanSamples (v3.0)'	https://www.encodeproject.org/documents/c4b8952c-d9f1-42e7-8ea5-54659d14f46b/ , https://www.encodeproject.org/documents/77db752f-abf7-4c93-a460-510464134f52/ , https://www.encodeproject.org/documents/81af563b-5134-4f78-9bc4-41cb42cc6a48/	Pacific Biosciences Sequel II	8.7	/references/ENCSR089MWE/ , /references/ENCSR156CIL/	/biosample-types/tissue_UBERON_0002079/	left cardiac atrium	human	whole cell
ENCSR450GAR	ENCLB204OWG	released	UCI	W73 left colon ENC4_87	'Human Flash Frozen', 'PacBio LongRead 2.0', 'ENCODE Long Read RNA-Seq Analysis Protocol for HumanSamples (v3.0)'	https://www.encodeproject.org/documents/c4b8952c-d9f1-42e7-8ea5-54659d14f46b/ , https://www.encodeproject.org/documents/77db752f-abf7-4c93-a460-510464134f52/ , https://www.encodeproject.org/documents/81af563b-5134-4f78-9bc4-41cb42cc6a48/	Pacific Biosciences Sequel II		/references/ENCSR089MWE/ , /references/ENCSR156CIL/	/biosample-types/tissue_UBERON_0008971/	left colon	human	whole cell
ENCSR426KOP	ENCLB355PRN	released	UCI	ENC4_81 W76 left lung	'cDNA libraries from brain for use in Illumina NextSeq 500 sequencing v1', 'Human Flash Frozen'	https://www.encodeproject.org/documents/2297237f-dfb0-424d-a386-c350ffe8dbe3/ , https://www.encodeproject.org/documents/c4b8952c-d9f1-42e7-8ea5-54659d14f46b/	Pacific Biosciences Sequel	8.8		/biosample-types/tissue_UBERON_0002168/	left lung	human	whole cell
ENCSR746ITG	ENCLB849DQR	released	UCI	ENC4_79 W62 left lung	'cDNA libraries from brain for use in Illumina NextSeq 500 sequencing v1', 'Human Flash Frozen'	https://www.encodeproject.org/documents/2297237f-dfb0-424d-a386-c350ffe8dbe3/ , https://www.encodeproject.org/documents/c4b8952c-d9f1-42e7-8ea5-54659d14f46b/	Pacific Biosciences Sequel	8.8		/biosample-types/tissue_UBERON_0002168/	left lung	human	whole cell
ENCSR786FLO	ENCLB117COA	released	UCI	ENC4_55  W78 left ventricle myocardium inferior	'ENCODE Long Read RNA-Seq Analysis Protocol for Human Samples (v3.1)', 'PacBio libraries v3 (October, 2020) Protocol to build non-size selected cDNA libraries for Pacific Biosciences long-read sequencing Version 3.0 (October, 2020)', 'Human Flash Frozen'	https://www.encodeproject.org/documents/0a54a6da-ddb4-44bd-af95-2cd02754aa93/ , https://www.encodeproject.org/documents/3baa46d2-cb88-4608-8877-70596d200489/ , https://www.encodeproject.org/documents/c4b8952c-d9f1-42e7-8ea5-54659d14f46b/	Pacific Biosciences Sequel II	9.0	/references/ENCSR156CIL/ , /references/ENCSR089MWE/	/biosample-types/tissue_NTR_0000493/	left ventricle myocardium inferior	human	whole cell
ENCSR777CCI	ENCLB641OJZ	released	UCI	ENC4_54 W78 left ventricle myocardium superior	'ENCODE Long Read RNA-Seq Analysis Protocol for Human Samples (v3.1)', 'PacBio libraries v3 (October, 2020) Protocol to build non-size selected cDNA libraries for Pacific Biosciences long-read sequencing Version 3.0 (October, 2020)', 'Human Flash Frozen'	https://www.encodeproject.org/documents/0a54a6da-ddb4-44bd-af95-2cd02754aa93/ , https://www.encodeproject.org/documents/3baa46d2-cb88-4608-8877-70596d200489/ , https://www.encodeproject.org/documents/c4b8952c-d9f1-42e7-8ea5-54659d14f46b/	Pacific Biosciences Sequel II	8.0	/references/ENCSR156CIL/ , /references/ENCSR089MWE/	/biosample-types/tissue_NTR_0000494/	left ventricle myocardium superior	human	whole cell
ENCSR261GOA	ENCLB798YFL	released	UCI	ENC4_80 W73 lower lobe of left lung	'ENCODE Long Read RNA-Seq Analysis Protocol for Human Samples (v3.1)', 'Human Flash Frozen', 'PacBio LongRead 2.0'	https://www.encodeproject.org/documents/0a54a6da-ddb4-44bd-af95-2cd02754aa93/ , https://www.encodeproject.org/documents/c4b8952c-d9f1-42e7-8ea5-54659d14f46b/ , https://www.encodeproject.org/documents/77db752f-abf7-4c93-a460-510464134f52/	Pacific Biosciences Sequel II		/references/ENCSR089MWE/ , /references/ENCSR156CIL/	/biosample-types/tissue_UBERON_0008953/	lower lobe of left lung	human	whole cell
ENCSR986WKB	ENCLB777FCP	released	UCI	ENC4_39 W78 left lobe of lung	'ENCODE Long Read RNA-Seq Analysis Protocol for Human Samples (v3.1)', 'PacBio libraries v3 (October, 2020) Protocol to build non-size selected cDNA libraries for Pacific Biosciences long-read sequencing Version 3.0 (October, 2020)', 'Human Flash Frozen'	https://www.encodeproject.org/documents/0a54a6da-ddb4-44bd-af95-2cd02754aa93/ , https://www.encodeproject.org/documents/3baa46d2-cb88-4608-8877-70596d200489/ , https://www.encodeproject.org/documents/c4b8952c-d9f1-42e7-8ea5-54659d14f46b/	Pacific Biosciences Sequel II	8.0	/references/ENCSR089MWE/ , /references/ENCSR156CIL/	/biosample-types/tissue_UBERON_0008953/	lower lobe of left lung	human	whole cell
ENCSR323XND	ENCLB922GXI	released	UCI	W78 lower lobe of right lung ENC4_83	'Human Flash Frozen', 'PacBio LongRead 2.0', 'ENCODE Long Read RNA-Seq Analysis Protocol for HumanSamples (v3.0)'	https://www.encodeproject.org/documents/c4b8952c-d9f1-42e7-8ea5-54659d14f46b/ , https://www.encodeproject.org/documents/77db752f-abf7-4c93-a460-510464134f52/ , https://www.encodeproject.org/documents/81af563b-5134-4f78-9bc4-41cb42cc6a48/	Pacific Biosciences Sequel II		/references/ENCSR089MWE/ , /references/ENCSR156CIL/	/biosample-types/tissue_UBERON_0002171/	lower lobe of right lung	human	whole cell
ENCSR813UIT	ENCLB653SQB	released	UCI	"""ENC4_515, ENC4_516 MCF10A rep1 human female pre-neoplastic mammary epithelial cells"""	'ENCODE Long Read RNA-Seq Analysis Protocol for Human Samples (v3.2)', 'PacBio libraries v3 (October, 2020) Protocol to build non-size selected cDNA libraries for Pacific Biosciences long-read sequencing Version 3.0 (October, 2020)'	https://www.encodeproject.org/documents/6d583a1d-d692-4511-b13b-c051822d861c/ , https://www.encodeproject.org/documents/3baa46d2-cb88-4608-8877-70596d200489/	Pacific Biosciences Sequel II	9.3	/references/ENCSR156CIL/ , /references/ENCSR759PLA/	/biosample-types/cell_line_EFO_0001200/	MCF 10A	human	whole cell
ENCSR813UIT	ENCLB653SQB	released	UCI	"""ENC4_515, ENC4_516 MCF10A rep1 human female pre-neoplastic mammary epithelial cells"""	'ENCODE Long Read RNA-Seq Analysis Protocol for Human Samples (v3.2)', 'PacBio libraries v3 (October, 2020) Protocol to build non-size selected cDNA libraries for Pacific Biosciences long-read sequencing Version 3.0 (October, 2020)'	https://www.encodeproject.org/documents/6d583a1d-d692-4511-b13b-c051822d861c/ , https://www.encodeproject.org/documents/3baa46d2-cb88-4608-8877-70596d200489/	Pacific Biosciences Sequel II	9.3	/references/ENCSR156CIL/ , /references/ENCSR759PLA/	/biosample-types/cell_line_EFO_0001200/	MCF 10A	human	whole cell
ENCSR810XLL	ENCLB192AUL	released	UCI	MCF-7 cell line	'ENCODE Long Read RNA-Seq Analysis Protocol for Human Samples (v3.1)', 'PacBio libraries v3 (October, 2020) Protocol to build non-size selected cDNA libraries for Pacific Biosciences long-read sequencing Version 3.0 (October, 2020)'	https://www.encodeproject.org/documents/0a54a6da-ddb4-44bd-af95-2cd02754aa93/ , https://www.encodeproject.org/documents/3baa46d2-cb88-4608-8877-70596d200489/	Pacific Biosciences Sequel II	9.0	/references/ENCSR089MWE/ , /references/ENCSR156CIL/	/biosample-types/cell_line_EFO_0001203/	MCF-7	human	whole cell
ENCSR648QZP	ENCLB350ULX	released	UCI	ENC4_93 W73 mesenteric fat pad FLASH	'ENCODE Long Read RNA-Seq Analysis Protocol for Human Samples (v3.1)', 'PacBio LongRead 2.0'	https://www.encodeproject.org/documents/0a54a6da-ddb4-44bd-af95-2cd02754aa93/ , https://www.encodeproject.org/documents/77db752f-abf7-4c93-a460-510464134f52/	Pacific Biosciences Sequel II		/references/ENCSR089MWE/ , /references/ENCSR156CIL/	/biosample-types/tissue_UBERON_0015143/	mesenteric fat pad	human	whole cell
ENCSR803XXZ	ENCLB620TRY	released	UCI	ENC4_78 W80 mucosa of descending colon	'cDNA libraries from brain for use in Illumina NextSeq 500 sequencing v1', 'Human Flash Frozen'	https://www.encodeproject.org/documents/2297237f-dfb0-424d-a386-c350ffe8dbe3/ , https://www.encodeproject.org/documents/c4b8952c-d9f1-42e7-8ea5-54659d14f46b/	Pacific Biosciences Sequel	9.1		/biosample-types/tissue_UBERON_0004992/	mucosa of descending colon	human	whole cell
ENCSR997RFW	ENCLB023HEL	released	UCI	ENC4_77 W76 mucosa of descending colon	'PacBio libraries v3 (October, 2020) Protocol to build non-size selected cDNA libraries for Pacific Biosciences long-read sequencing Version 3.0 (October, 2020)', 'Human Flash Frozen', 'ENCODE Long Read RNA-Seq Analysis Protocol for HumanSamples (v3.0)'	https://www.encodeproject.org/documents/3baa46d2-cb88-4608-8877-70596d200489/ , https://www.encodeproject.org/documents/c4b8952c-d9f1-42e7-8ea5-54659d14f46b/ , https://www.encodeproject.org/documents/81af563b-5134-4f78-9bc4-41cb42cc6a48/	Pacific Biosciences Sequel II	7.0	/references/ENCSR089MWE/ , /references/ENCSR156CIL/	/biosample-types/tissue_UBERON_0004992/	mucosa of descending colon	human	whole cell
ENCSR700SUP	ENCLB336XHW	released	UCI	"""ENC4_503, ENC4_504 OCI-LY7 rep1 human non-Hodgkin lymphoma"""	'ENCODE Long Read RNA-Seq Analysis Protocol for Human Samples (v3.2)', 'PacBio libraries v3 (October, 2020) Protocol to build non-size selected cDNA libraries for Pacific Biosciences long-read sequencing Version 3.0 (October, 2020)'	https://www.encodeproject.org/documents/6d583a1d-d692-4511-b13b-c051822d861c/ , https://www.encodeproject.org/documents/3baa46d2-cb88-4608-8877-70596d200489/	Pacific Biosciences Sequel II	9.9	/references/ENCSR156CIL/ , /references/ENCSR759PLA/	/biosample-types/cell_line_EFO_0006711/	OCI-LY7	human	whole cell
ENCSR700SUP	ENCLB336XHW	released	UCI	"""ENC4_503, ENC4_504 OCI-LY7 rep1 human non-Hodgkin lymphoma"""	'ENCODE Long Read RNA-Seq Analysis Protocol for Human Samples (v3.2)', 'PacBio libraries v3 (October, 2020) Protocol to build non-size selected cDNA libraries for Pacific Biosciences long-read sequencing Version 3.0 (October, 2020)'	https://www.encodeproject.org/documents/6d583a1d-d692-4511-b13b-c051822d861c/ , https://www.encodeproject.org/documents/3baa46d2-cb88-4608-8877-70596d200489/	Pacific Biosciences Sequel II	9.9	/references/ENCSR156CIL/ , /references/ENCSR759PLA/	/biosample-types/cell_line_EFO_0006711/	OCI-LY7	human	whole cell
ENCSR477HHG	ENCLB194KIW	released	UCI	ENC4_71 W73 ovary	'ENCODE Long Read RNA-Seq Analysis Protocol for Human Samples (v3.1)', 'Human Flash Frozen', 'PacBio LongRead 2.0'	https://www.encodeproject.org/documents/0a54a6da-ddb4-44bd-af95-2cd02754aa93/ , https://www.encodeproject.org/documents/c4b8952c-d9f1-42e7-8ea5-54659d14f46b/ , https://www.encodeproject.org/documents/77db752f-abf7-4c93-a460-510464134f52/	Pacific Biosciences Sequel II		/references/ENCSR089MWE/ , /references/ENCSR156CIL/	/biosample-types/tissue_UBERON_0000992/	ovary	human	whole cell
ENCSR507WZC	ENCLB393KHP	released	UCI	ENC4_72 W80 ovary	'ENCODE Long Read RNA-Seq Analysis Protocol for Human Samples (v3.1)', 'PacBio libraries v3 (October, 2020) Protocol to build non-size selected cDNA libraries for Pacific Biosciences long-read sequencing Version 3.0 (October, 2020)', 'Human Flash Frozen'	https://www.encodeproject.org/documents/0a54a6da-ddb4-44bd-af95-2cd02754aa93/ , https://www.encodeproject.org/documents/3baa46d2-cb88-4608-8877-70596d200489/ , https://www.encodeproject.org/documents/c4b8952c-d9f1-42e7-8ea5-54659d14f46b/	Pacific Biosciences Sequel II	8.0	/references/ENCSR156CIL/ , /references/ENCSR089MWE/	/biosample-types/tissue_UBERON_0000992/	ovary	human	whole cell
ENCSR587WPR	ENCLB995ZQY	released	UCI	ENC4_35 W61 ovary	'cDNA libraries from brain for use in Illumina NextSeq 500 sequencing v1', 'Human Flash Frozen'	https://www.encodeproject.org/documents/2297237f-dfb0-424d-a386-c350ffe8dbe3/ , https://www.encodeproject.org/documents/c4b8952c-d9f1-42e7-8ea5-54659d14f46b/	Pacific Biosciences Sequel	8.8		/biosample-types/tissue_UBERON_0000992/	ovary	human	whole cell
ENCSR181CES	ENCLB962HZB	released	UCI	Panc1 cell line	'ENCODE Long Read RNA-Seq Analysis Protocol for Human Samples (v3.1)', 'PacBio libraries v3 (October, 2020) Protocol to build non-size selected cDNA libraries for Pacific Biosciences long-read sequencing Version 3.0 (October, 2020)'	https://www.encodeproject.org/documents/0a54a6da-ddb4-44bd-af95-2cd02754aa93/ , https://www.encodeproject.org/documents/3baa46d2-cb88-4608-8877-70596d200489/	Pacific Biosciences Sequel II	10.0	/references/ENCSR089MWE/ , /references/ENCSR156CIL/	/biosample-types/cell_line_EFO_0002713/	Panc1	human	whole cell
ENCSR947JHA	ENCLB542NGF	released	UCI	PC-3 cell line	'ENCODE Long Read RNA-Seq Analysis Protocol for Human Samples (v3.1)', 'PacBio libraries v3 (October, 2020) Protocol to build non-size selected cDNA libraries for Pacific Biosciences long-read sequencing Version 3.0 (October, 2020)'	https://www.encodeproject.org/documents/0a54a6da-ddb4-44bd-af95-2cd02754aa93/ , https://www.encodeproject.org/documents/3baa46d2-cb88-4608-8877-70596d200489/	Pacific Biosciences Sequel II	9.0	/references/ENCSR089MWE/ , /references/ENCSR156CIL/	/biosample-types/cell_line_EFO_0002074/	PC-3	human	whole cell
ENCSR916JDV	ENCLB292ZUN	released	UCI	"""ENC4_501, ENC4_502 PC-9 rep1 human lung adenocarcinoma"""	'ENCODE Long Read RNA-Seq Analysis Protocol for Human Samples (v3.2)', 'PacBio libraries v3 (October, 2020) Protocol to build non-size selected cDNA libraries for Pacific Biosciences long-read sequencing Version 3.0 (October, 2020)'	https://www.encodeproject.org/documents/6d583a1d-d692-4511-b13b-c051822d861c/ , https://www.encodeproject.org/documents/3baa46d2-cb88-4608-8877-70596d200489/	Pacific Biosciences Sequel II	9.5	/references/ENCSR156CIL/ , /references/ENCSR759PLA/	/biosample-types/cell_line_EFO_0002847/	PC-9	human	whole cell
ENCSR916JDV	ENCLB292ZUN	released	UCI	"""ENC4_501, ENC4_502 PC-9 rep1 human lung adenocarcinoma"""	'ENCODE Long Read RNA-Seq Analysis Protocol for Human Samples (v3.2)', 'PacBio libraries v3 (October, 2020) Protocol to build non-size selected cDNA libraries for Pacific Biosciences long-read sequencing Version 3.0 (October, 2020)'	https://www.encodeproject.org/documents/6d583a1d-d692-4511-b13b-c051822d861c/ , https://www.encodeproject.org/documents/3baa46d2-cb88-4608-8877-70596d200489/	Pacific Biosciences Sequel II	9.5	/references/ENCSR156CIL/ , /references/ENCSR759PLA/	/biosample-types/cell_line_EFO_0002847/	PC-9	human	whole cell
ENCSR676IWT	ENCLB644KMO	released	UCI	iPSCs via Sendai-viral Yamanaka factors	'ENCODE Long Read RNA-Seq Analysis Protocol for Human Samples (v.1.0)'	https://www.encodeproject.org/documents/7ec9d66a-3b7e-4183-8677-e1df14770b44/	Pacific Biosciences Sequel	10.0		/biosample-types/cell_line_EFO_0007950/	GM23338	human	whole cell
ENCSR676IWT	ENCLB644KMO	released	UCI	iPSCs via Sendai-viral Yamanaka factors	'ENCODE Long Read RNA-Seq Analysis Protocol for Human Samples (v.1.0)'	https://www.encodeproject.org/documents/7ec9d66a-3b7e-4183-8677-e1df14770b44/	Pacific Biosciences Sequel	10.0		/biosample-types/cell_line_EFO_0007950/	GM23338	human	whole cell
ENCSR071IHY	ENCLB486CFV	released	UCI	ENC4_207, ENC4_208 - PGP1 derived astrocytes	'PacBio libraries v3 (October, 2020) Protocol to build non-size selected cDNA libraries for Pacific Biosciences long-read sequencing Version 3.0 (October, 2020)', 'ENCODE Long Read RNA-Seq Analysis Protocol for HumanSamples (v3.0)'	https://www.encodeproject.org/documents/3baa46d2-cb88-4608-8877-70596d200489/ , https://www.encodeproject.org/documents/81af563b-5134-4f78-9bc4-41cb42cc6a48/	Pacific Biosciences Sequel II		/references/ENCSR759PLA/ , /references/ENCSR156CIL/	/biosample-types/in_vitro_differentiated_cells_CL_0000127/	astrocyte	human	whole cell
ENCSR071IHY	ENCLB486CFV	released	UCI	ENC4_207, ENC4_208 - PGP1 derived astrocytes	'PacBio libraries v3 (October, 2020) Protocol to build non-size selected cDNA libraries for Pacific Biosciences long-read sequencing Version 3.0 (October, 2020)', 'ENCODE Long Read RNA-Seq Analysis Protocol for HumanSamples (v3.0)'	https://www.encodeproject.org/documents/3baa46d2-cb88-4608-8877-70596d200489/ , https://www.encodeproject.org/documents/81af563b-5134-4f78-9bc4-41cb42cc6a48/	Pacific Biosciences Sequel II		/references/ENCSR759PLA/ , /references/ENCSR156CIL/	/biosample-types/in_vitro_differentiated_cells_CL_0000127/	astrocyte	human	whole cell
ENCSR148IIG	ENCLB134MKV	released	UCI	PGP1 derived endothelial-cells	'cDNA libraries from brain for use in Illumina NextSeq 500 sequencing v1'	https://www.encodeproject.org/documents/2297237f-dfb0-424d-a386-c350ffe8dbe3/	Pacific Biosciences Sequel	10.0		/biosample-types/in_vitro_differentiated_cells_CL_0000115/	endothelial cell	human	whole cell
ENCSR148IIG	ENCLB134MKV	released	UCI	PGP1 derived endothelial-cells	'cDNA libraries from brain for use in Illumina NextSeq 500 sequencing v1'	https://www.encodeproject.org/documents/2297237f-dfb0-424d-a386-c350ffe8dbe3/	Pacific Biosciences Sequel	10.0		/biosample-types/in_vitro_differentiated_cells_CL_0000115/	endothelial cell	human	whole cell
ENCSR257JBF	ENCLB532XRH	released	UCI	excitatory cortical neurons	'ENCODE Long Read RNA-Seq Analysis Protocol for Human Samples (v.1.0)'	https://www.encodeproject.org/documents/7ec9d66a-3b7e-4183-8677-e1df14770b44/	Pacific Biosciences Sequel	10.0		/biosample-types/in_vitro_differentiated_cells_CL_0000679/	glutamatergic neuron	human	whole cell
ENCSR257JBF	ENCLB532XRH	released	UCI	excitatory cortical neurons	'ENCODE Long Read RNA-Seq Analysis Protocol for Human Samples (v.1.0)'	https://www.encodeproject.org/documents/7ec9d66a-3b7e-4183-8677-e1df14770b44/	Pacific Biosciences Sequel	10.0		/biosample-types/in_vitro_differentiated_cells_CL_0000679/	glutamatergic neuron	human	whole cell
ENCSR138TAS	ENCLB621EQT	released	UCI	ENC4_102 W73 posterior vena cava	'ENCODE Long Read RNA-Seq Analysis Protocol for Human Samples (v3.1)', 'PacBio LongRead 2.0'	https://www.encodeproject.org/documents/0a54a6da-ddb4-44bd-af95-2cd02754aa93/ , https://www.encodeproject.org/documents/77db752f-abf7-4c93-a460-510464134f52/	Pacific Biosciences Sequel II		/references/ENCSR089MWE/ , /references/ENCSR156CIL/	/biosample-types/tissue_UBERON_0001072/	posterior vena cava	human	whole cell
ENCSR853YZN	ENCLB065XGZ	released	UCI	W71 posterior vena cava ENC4_101	'PacBio LongRead 2.0', 'ENCODE Long Read RNA-Seq Analysis Protocol for HumanSamples (v3.0)'	https://www.encodeproject.org/documents/77db752f-abf7-4c93-a460-510464134f52/ , https://www.encodeproject.org/documents/81af563b-5134-4f78-9bc4-41cb42cc6a48/	Pacific Biosciences Sequel II		/references/ENCSR089MWE/ , /references/ENCSR156CIL/	/biosample-types/tissue_UBERON_0001072/	posterior vena cava	human	whole cell
ENCSR243DYK	ENCLB199XDS	released	UCI	W80 psoas muscle ENC4_86	'Human Flash Frozen', 'PacBio LongRead 2.0', 'ENCODE Long Read RNA-Seq Analysis Protocol for HumanSamples (v3.0)'	https://www.encodeproject.org/documents/c4b8952c-d9f1-42e7-8ea5-54659d14f46b/ , https://www.encodeproject.org/documents/77db752f-abf7-4c93-a460-510464134f52/ , https://www.encodeproject.org/documents/81af563b-5134-4f78-9bc4-41cb42cc6a48/	Pacific Biosciences Sequel II		/references/ENCSR089MWE/ , /references/ENCSR156CIL/	/biosample-types/tissue_UBERON_0008450/	psoas muscle	human	whole cell
ENCSR803QWH	ENCLB612BYX	released	UCI	ENC4_46 W61 psoas #2	'ENCODE Long Read RNA-Seq Analysis Protocol for Human Samples (v3.1)', 'PacBio libraries v3 (October, 2020) Protocol to build non-size selected cDNA libraries for Pacific Biosciences long-read sequencing Version 3.0 (October, 2020)', 'Human Flash Frozen'	https://www.encodeproject.org/documents/0a54a6da-ddb4-44bd-af95-2cd02754aa93/ , https://www.encodeproject.org/documents/3baa46d2-cb88-4608-8877-70596d200489/ , https://www.encodeproject.org/documents/c4b8952c-d9f1-42e7-8ea5-54659d14f46b/	Pacific Biosciences Sequel II	9.0	/references/ENCSR089MWE/ , /references/ENCSR156CIL/	/biosample-types/tissue_UBERON_0008450/	psoas muscle	human	whole cell
ENCSR435UUS	ENCLB264GGI	released	UCI	ENC4_58 W78 right cardiac atrium	'ENCODE Long Read RNA-Seq Analysis Protocol for Human Samples (v3.1)', 'PacBio libraries v3 (October, 2020) Protocol to build non-size selected cDNA libraries for Pacific Biosciences long-read sequencing Version 3.0 (October, 2020)', 'Human Flash Frozen'	https://www.encodeproject.org/documents/0a54a6da-ddb4-44bd-af95-2cd02754aa93/ , https://www.encodeproject.org/documents/3baa46d2-cb88-4608-8877-70596d200489/ , https://www.encodeproject.org/documents/c4b8952c-d9f1-42e7-8ea5-54659d14f46b/	Pacific Biosciences Sequel II	9.0	/references/ENCSR156CIL/ , /references/ENCSR089MWE/	/biosample-types/tissue_UBERON_0002078/	right cardiac atrium	human	whole cell
ENCSR514YQN	ENCLB918JLV	released	UCI	ENC4_59 W72 right cardiac atrium	'ENCODE Long Read RNA-Seq Analysis Protocol for Human Samples (v3.1)', 'PacBio libraries v3 (October, 2020) Protocol to build non-size selected cDNA libraries for Pacific Biosciences long-read sequencing Version 3.0 (October, 2020)', 'Human Flash Frozen'	https://www.encodeproject.org/documents/0a54a6da-ddb4-44bd-af95-2cd02754aa93/ , https://www.encodeproject.org/documents/3baa46d2-cb88-4608-8877-70596d200489/ , https://www.encodeproject.org/documents/c4b8952c-d9f1-42e7-8ea5-54659d14f46b/	Pacific Biosciences Sequel II	9.0	/references/ENCSR156CIL/ , /references/ENCSR089MWE/	/biosample-types/tissue_UBERON_0002078/	right cardiac atrium	human	whole cell
ENCSR553SVP	ENCLB852BGR	released	UCI	ENC4_36 W73 cardiac right atrium	'ENCODE Long Read RNA-Seq Analysis Protocol for Human Samples (v3.1)', 'Human Flash Frozen', 'PacBio LongRead 2.0'	https://www.encodeproject.org/documents/0a54a6da-ddb4-44bd-af95-2cd02754aa93/ , https://www.encodeproject.org/documents/c4b8952c-d9f1-42e7-8ea5-54659d14f46b/ , https://www.encodeproject.org/documents/77db752f-abf7-4c93-a460-510464134f52/	Pacific Biosciences Sequel II		/references/ENCSR089MWE/ , /references/ENCSR156CIL/	/biosample-types/tissue_UBERON_0002078/	right cardiac atrium	human	whole cell
ENCSR728TXV	ENCLB718EZY	released	UCI	W76 right cardiac atrium ENC4_84	'Human Flash Frozen', 'PacBio LongRead 2.0', 'ENCODE Long Read RNA-Seq Analysis Protocol for HumanSamples (v3.0)'	https://www.encodeproject.org/documents/c4b8952c-d9f1-42e7-8ea5-54659d14f46b/ , https://www.encodeproject.org/documents/77db752f-abf7-4c93-a460-510464134f52/ , https://www.encodeproject.org/documents/81af563b-5134-4f78-9bc4-41cb42cc6a48/	Pacific Biosciences Sequel II		/references/ENCSR089MWE/ , /references/ENCSR156CIL/	/biosample-types/tissue_UBERON_0002078/	right cardiac atrium	human	whole cell
ENCSR293MOX	ENCLB904ZJV	released	UCI	W62 right lobe of liver	'ENCODE Long Read RNA-Seq Analysis Protocol for Human Samples (v.1.0)'	https://www.encodeproject.org/documents/7ec9d66a-3b7e-4183-8677-e1df14770b44/	Pacific Biosciences Sequel	8.7		/biosample-types/tissue_UBERON_0001114/	right lobe of liver	human	whole cell
ENCSR657HJW	ENCLB828NEC	released	UCI	W61 right lobe of liver	'non-size selected cDNA libraries for use in PacBio sequencing v1', 'Human Flash Frozen', 'PacBio LongRead 2.0'	https://www.encodeproject.org/documents/54012fc3-644e-49af-97e4-888226753fd9/ , https://www.encodeproject.org/documents/c4b8952c-d9f1-42e7-8ea5-54659d14f46b/ , https://www.encodeproject.org/documents/77db752f-abf7-4c93-a460-510464134f52/	Pacific Biosciences Sequel	9.3		/biosample-types/tissue_UBERON_0001114/	right lobe of liver	human	whole cell
ENCSR591OZR	ENCLB881SJQ	released	UCI	ENC4_57 W78 right ventricle myocardium inferior	'ENCODE Long Read RNA-Seq Analysis Protocol for Human Samples (v3.1)', 'PacBio libraries v3 (October, 2020) Protocol to build non-size selected cDNA libraries for Pacific Biosciences long-read sequencing Version 3.0 (October, 2020)', 'Human Flash Frozen'	https://www.encodeproject.org/documents/0a54a6da-ddb4-44bd-af95-2cd02754aa93/ , https://www.encodeproject.org/documents/3baa46d2-cb88-4608-8877-70596d200489/ , https://www.encodeproject.org/documents/c4b8952c-d9f1-42e7-8ea5-54659d14f46b/	Pacific Biosciences Sequel II	8.0	/references/ENCSR156CIL/ , /references/ENCSR089MWE/	/biosample-types/tissue_NTR_0000491/	Right ventricle myocardium inferior	human	whole cell
ENCSR899GAP	ENCLB328TYS	released	UCI	ENC4_56 W78 right ventricle myocardium superior	'ENCODE Long Read RNA-Seq Analysis Protocol for Human Samples (v3.1)', 'PacBio libraries v3 (October, 2020) Protocol to build non-size selected cDNA libraries for Pacific Biosciences long-read sequencing Version 3.0 (October, 2020)', 'Human Flash Frozen'	https://www.encodeproject.org/documents/0a54a6da-ddb4-44bd-af95-2cd02754aa93/ , https://www.encodeproject.org/documents/3baa46d2-cb88-4608-8877-70596d200489/ , https://www.encodeproject.org/documents/c4b8952c-d9f1-42e7-8ea5-54659d14f46b/	Pacific Biosciences Sequel II	8.0	/references/ENCSR156CIL/ , /references/ENCSR089MWE/	/biosample-types/tissue_NTR_0000492/	Right ventricle myocardium superior	human	whole cell
ENCSR096QUP	ENCLB855HKW	released	UCI	ENC4_82 W78 upper lobe of right lung	'PacBio libraries v3 (October, 2020) Protocol to build non-size selected cDNA libraries for Pacific Biosciences long-read sequencing Version 3.0 (October, 2020)', 'Human Flash Frozen', 'ENCODE Long Read RNA-Seq Analysis Protocol for HumanSamples (v3.0)'	https://www.encodeproject.org/documents/3baa46d2-cb88-4608-8877-70596d200489/ , https://www.encodeproject.org/documents/c4b8952c-d9f1-42e7-8ea5-54659d14f46b/ , https://www.encodeproject.org/documents/81af563b-5134-4f78-9bc4-41cb42cc6a48/	Pacific Biosciences Sequel II	8.0	/references/ENCSR089MWE/ , /references/ENCSR156CIL/	/biosample-types/tissue_UBERON_0002170/	upper lobe of right lung	human	whole cell
ENCSR507JOF	ENCLB901LCB	released	UCI	LRGASP WTC11	'ENCODE Long Read RNA-Seq Analysis Protocol for HumanSamples (v3.0)', 'Protocol to add 5’ cap structures to exogenous synthetic RNA references (spike-ins) 1.0', 'Long read cDNA prep with Maxima H'	https://www.encodeproject.org/documents/81af563b-5134-4f78-9bc4-41cb42cc6a48/ , https://www.encodeproject.org/documents/e909542d-44c0-4bee-9aac-4d41a0b768db/ , https://www.encodeproject.org/documents/53196858-d826-458a-8232-22e4b7c2d653/	Pacific Biosciences Sequel II		/references/ENCSR759PLA/ , /references/ENCSR652YYV/	/biosample-types/cell_line_EFO_0009747/	WTC11	human	whole cell
ENCSR507JOF	ENCLB901LCB	released	UCI	LRGASP WTC11	'ENCODE Long Read RNA-Seq Analysis Protocol for HumanSamples (v3.0)', 'Protocol to add 5’ cap structures to exogenous synthetic RNA references (spike-ins) 1.0', 'Long read cDNA prep with Maxima H'	https://www.encodeproject.org/documents/81af563b-5134-4f78-9bc4-41cb42cc6a48/ , https://www.encodeproject.org/documents/e909542d-44c0-4bee-9aac-4d41a0b768db/ , https://www.encodeproject.org/documents/53196858-d826-458a-8232-22e4b7c2d653/	Pacific Biosciences Sequel II		/references/ENCSR759PLA/ , /references/ENCSR652YYV/	/biosample-types/cell_line_EFO_0009747/	WTC11	human	whole cell
ENCSR507JOF	ENCLB901LCB	released	UCI	LRGASP WTC11	'ENCODE Long Read RNA-Seq Analysis Protocol for HumanSamples (v3.0)', 'Protocol to add 5’ cap structures to exogenous synthetic RNA references (spike-ins) 1.0', 'Long read cDNA prep with Maxima H'	https://www.encodeproject.org/documents/81af563b-5134-4f78-9bc4-41cb42cc6a48/ , https://www.encodeproject.org/documents/e909542d-44c0-4bee-9aac-4d41a0b768db/ , https://www.encodeproject.org/documents/53196858-d826-458a-8232-22e4b7c2d653/	Pacific Biosciences Sequel II		/references/ENCSR759PLA/ , /references/ENCSR652YYV/	/biosample-types/cell_line_EFO_0009747/	WTC11	human	whole cell
